District,Town,Member,Party,Email,Phone,Committees
30,Abbot,James Lee White,R - Guilford,James.White@legislature.maine.gov,(207) 564-7308,Transportation
144,Acton,Jeffrey Sean Adams,R - Lebanon,Jeffrey.Adams@legislature.maine.gov,(207) 457-2054,State and Local Government
11,Addison,Tiffany Strout,R - Harrington,Tiffany.Strout@legislature.maine.gov,(207) 598-7043,Marine Resources
81,unorganized territory of Albany Township,Peter Conley Wood,R - Norway,Peter.Wood@legislature.maine.gov,(207) 890-3324,Marine Resources
63,Albion,Paul R. Flynn,R - Albion,Paul.Flynn@legislature.maine.gov,(207) 314-5525,"Health Coverage, Insurance and Financial Services"
10,Alexander,William R. Tuell,R - East Machias,William.tuell@legislature.maine.gov,(207) 271-8521,State and Local Government
136,Alfred,John M. Eder,R - Waterboro,John.Eder@legislature.maine.gov,(207) 283-5729,Government Oversight Committee; Housing and Economic Development
1,Allagash,Lucien J.B. Daigle,R - Fort Kent,Lucien.Daigle@legislature.maine.gov,(207) 631-8082,Health and Human Services
47,Alna,Wayne K. Farrin,D - Jefferson,Wayne.Farrin@legislature.maine.gov,(207) 592-9057,Marine Resources; State and Local Government
27,Alton,Gary A. Drinkwater,R - Milford,Gary.Drinkwater@legislature.maine.gov,(207) 356-8198,Labor - Ranking Member
18,Amherst,Mathew David McIntyre,R - Lowell,Mathew.McIntyre@legislature.maine.gov,(207) 680-0678,"Engrossed Bills - Ranking Member; Criminal Justice and Public Safety; Energy, Utilities and Technology"
8,Amity,Tracy L. Quint,R - Hodgdon,Tracy.Quint@legislature.maine.gov,(207) 217-4493,Taxation
73,Andover,Michael Soboleski,R - Phillips,Michael.Soboleski@legislature.maine.gov,(207) 400-7233,Environment and Natural Resources; Labor
72,Anson,Elizabeth M. Caruso,R - Caratunk,Elizabeth.Caruso@legislature.maine.gov,(207) 399-9992,Leaves of Absence; Judiciary
40,Appleton,D. Michael Ray,D - Lincolnville,Michael.Ray@legislature.maine.gov,(207) 930-0371,Transportation
27,unorganized territory of Argyle Township,Gary A. Drinkwater,R - Milford,Gary.Drinkwater@legislature.maine.gov,(207) 356-8198,Labor - Ranking Member
49,Arrowsic,Allison Hepler,D - Woolwich,Allison.Hepler@legislature.maine.gov,(207) 319-4396,"Agriculture, Conservation and Forestry; Marine Resources - Chair"
140,Arundel,Wayne R. Parry,R - Arundel,Wayne.Parry@legislature.maine.gov,(207) 286-9146,Transportation - Ranking Member
1,Ashland,Lucien J.B. Daigle,R - Fort Kent,Lucien.Daigle@legislature.maine.gov,(207) 631-8082,Health and Human Services
72,Athens,Elizabeth M. Caruso,R - Caratunk,Elizabeth.Caruso@legislature.maine.gov,(207) 399-9992,Leaves of Absence; Judiciary
31,township Atkinson,Chad R. Perkins,R - Dover-Foxcroft,Chad.Perkins@legislature.maine.gov,(207) 279-0927,Criminal Justice and Public Safety; Government Oversight Committee
73,unorganized territory of Attean Township,Michael Soboleski,R - Phillips,Michael.Soboleski@legislature.maine.gov,(207) 400-7233,Environment and Natural Resources; Labor
88,Auburn (Part),Quentin J. Chapman,R - Auburn,Quentin.Chapman@legislature.maine.gov,(207) 740-5595,Veterans and Legal Affairs
89,Auburn (Part),Adam R. Lee,D - Auburn,Adam.Lee@legislature.maine.gov,(207) 312-4057,Ethics - Chair; Government Oversight Committee; Judiciary
90,Auburn (Part),Laurel D. Libby,R - Auburn,Laurel.Libby@legislature.maine.gov,(207) 632-7619,Labor
59,Augusta (Part),David M. Rollins,D - Augusta,David.Rollins@legislature.maine.gov,(207) 485-6050,State and Local Government
60,Augusta (Part),William R. Bridgeo,D - Augusta,William.Bridgeo@legislature.maine.gov,(207) 458-2939,Environment and Natural Resources; Inland Fisheries and Wildlife
18,Aurora,Mathew David McIntyre,R - Lowell,Mathew.McIntyre@legislature.maine.gov,(207) 680-0678,"Engrossed Bills - Ranking Member; Criminal Justice and Public Safety; Energy, Utilities and Technology"
74,Avon,Randall C. Hall,R - Wilton,Randall.Hall@legislature.maine.gov,(207) 860-8431,Legislative Service:
9,Baileyville,Arthur Kevin Mingo,R - Calais,Arthur.Mingo@legislature.maine.gov,(207) 214-8537,Housing and Economic Development
84,Baldwin,Mark Walker,R - Naples,Mark.Walker@legislature.maine.gov,(207) 272-2728,Housing and Economic Development
8,unorganized territory of Bancroft Township,Tracy L. Quint,R - Hodgdon,Tracy.Quint@legislature.maine.gov,(207) 217-4493,Taxation
21,Bangor (Part),Ambureen Rana,D - Bangor,Ambureen.Rana@legislature.maine.gov,(207) 350-5081,Appropriations and Financial Affairs
22,Bangor (Part),Laura D. Supica,D - Bangor,Laura.Supica@legislature.maine.gov,(207) 717-5702,Veterans and Legal Affairs - Chair
23,Bangor (Part),Amy J. Roeder,D - Bangor,Amy.Roeder@legislature.maine.gov,(207) 370-5517,Labor - Chair
24,Bangor (Part),Sean Faircloth,D - Bangor,Sean.Faircloth@legislature.maine.gov,(207) 307-9868,Veterans and Legal Affairs
14,Bar Harbor,Gary Friedmann,D - Bar Harbor,Gary.Friedmann@legislature.maine.gov,(207) 460-7362,Taxation
9,plantation Baring,Arthur Kevin Mingo,R - Calais,Arthur.Mingo@legislature.maine.gov,(207) 214-8537,Housing and Economic Development
50,Bath,David A. Sinclair,D - Bath,david.sinclair@legislature.maine.gov,(207) 807-1610,Judiciary
11,Beals,Tiffany Strout,R - Harrington,Tiffany.Strout@legislature.maine.gov,(207) 598-7043,Marine Resources
30,Beaver Cove,James Lee White,R - Guilford,James.White@legislature.maine.gov,(207) 564-7308,Transportation
18,Beddington,Mathew David McIntyre,R - Lowell,Mathew.McIntyre@legislature.maine.gov,(207) 680-0678,"Engrossed Bills - Ranking Member; Criminal Justice and Public Safety; Energy, Utilities and Technology"
39,Belfast,Janice S. Dodge,D - Belfast,Jan.Dodge@legislature.maine.gov,(207) 338-1626,Education and Cultural Affairs
58,Belgrade,Sharon C. Frost,U - Belgrade,Sharon.Frost@legislature.maine.gov,(207) 242-6079,"Agriculture, Conservation and Forestry; Veterans and Legal Affairs"
39,Belmont,Janice S. Dodge,D - Belfast,Jan.Dodge@legislature.maine.gov,(207) 338-1626,Education and Cultural Affairs
8,unorganized territory of Benedicta Township,Tracy L. Quint,R - Hodgdon,Tracy.Quint@legislature.maine.gov,(207) 217-4493,Taxation
67,Benton,Shelley Rudnicki,R - Fairfield,Shelley.Rudnicki@legislature.maine.gov,(207) 314-6898,Taxation - Ranking Member
148,Berwick,Thomas A. Lavigne,R - Berwick,Thomas.Lavigne@legislature.maine.gov,(603) 842-0814,Taxation
78,Bethel,Rachel A. Henderson,R - Rumford,Rachel.Henderson@legislature.maine.gov,(207) 381-4237,Judiciary
132,Biddeford (Part),Ryan D. Fecteau,D - Biddeford,ryan.fecteau@legislature.maine.gov,(207) 287-1300,Rules and Business of the House; Joint Select Committee on Joint Rules
133,Biddeford (Part),Marc G. Malon,D - Biddeford,Marc.Malon@legislature.maine.gov,(207) 200-6376,Bills in the Second Reading - Chair; Housing and Economic Development; Veterans and Legal Affairs
134,Biddeford (Part),Traci Gere,D - Kennebunkport,Traci.Gere@legislature.maine.gov,(207) 710-3557,Engrossed Bills; Housing and Economic Development - Chair
72,Bingham,Elizabeth M. Caruso,R - Caratunk,Elizabeth.Caruso@legislature.maine.gov,(207) 399-9992,Leaves of Absence; Judiciary
6,Blaine,Donald J. Ardell,R - Monticello,Donald.Ardell@legislature.maine.gov,(207) 521-1130,Engrossed Bills; Criminal Justice and Public Safety
30,unorganized territory of Blanchard,James Lee White,R - Guilford,James.White@legislature.maine.gov,(207) 564-7308,Transportation
16,Blue Hill,Nina Azella Milliken,D - Blue Hill,Nina.Milliken@legislature.maine.gov,(207) 412-8828,Elections; Criminal Justice and Public Safety
48,Boothbay,Holly B. Stover,D - Boothbay,Holly.Stover@legislature.maine.gov,(207) 633-5979,Ethics; Appropriations and Financial Affairs
48,Boothbay Habor,Holly B. Stover,D - Boothbay,Holly.Stover@legislature.maine.gov,(207) 633-5979,Ethics; Appropriations and Financial Affairs
52,Bowdoin (Part),Sally Jeane Cluchey,D - Bowdoinham,Sally.Cluchey@legislature.maine.gov,(207) 814-8879,"Health Coverage, Insurance and Financial Services; Inland Fisheries and Wildlife"
98,Bowdoin (Part),Kilton M. Webb,D - Durham,Kilton.Webb@legislature.maine.gov,(207) 458-0172,"Energy, Utilities and Technology"
52,Bowdoinham,Sally Jeane Cluchey,D - Bowdoinham,Sally.Cluchey@legislature.maine.gov,(207) 814-8879,"Health Coverage, Insurance and Financial Services; Inland Fisheries and Wildlife"
30,Bowerbank,James Lee White,R - Guilford,James.White@legislature.maine.gov,(207) 564-7308,Transportation
73,unorganized territory of Bowtown Township,Michael Soboleski,R - Phillips,Michael.Soboleski@legislature.maine.gov,(207) 400-7233,Environment and Natural Resources; Labor
27,Bradford (Part),Gary A. Drinkwater,R - Milford,Gary.Drinkwater@legislature.maine.gov,(207) 356-8198,Labor - Ranking Member
32,Bradford (Part),Steven D. Foster,R - Dexter,Steven.Foster@legislature.maine.gov,(207) 924-4409,"Energy, Utilities and Technology - Ranking Member"
26,Bradley,James F. Dill,D - Old Town,James.Dill@legislature.maine.gov,(207) 827-3498,"Elections; Agriculture, Conservation and Forestry; Inland Fisheries and Wildlife"
45,Bremen,Abden S. Simmons,R - Waldoboro,Abden.Simmons@legislature.maine.gov,(207) 446-4518,Marine Resources
20,Brewer (Part),Dani L. O'Halloran,D - Brewer,Dani.OHalloran@legislature.maine.gov,(207) 745-4499,Judiciary
24,Brewer (Part),Sean Faircloth,D - Bangor,Sean.Faircloth@legislature.maine.gov,(207) 307-9868,Veterans and Legal Affairs
6,Bridgewater,Donald J. Ardell,R - Monticello,Donald.Ardell@legislature.maine.gov,(207) 521-1130,Engrossed Bills; Criminal Justice and Public Safety
83,Bridgton,Marygrace Caroline Cimino,R - Bridgton,Marygrace.Cimino@legislature.maine.gov,(804) 380-6101,"Health Coverage, Insurance and Financial Services"
30,plantation Brighton,James Lee White,R - Guilford,James.White@legislature.maine.gov,(207) 564-7308,Transportation
46,Bristol,Lydia V. Crafts,D - Newcastle,Lydia.Crafts@legislature.maine.gov,(207) 593-2664,Elections - Chair; Transportation - Chair
15,Brooklin,Holly Rae Eaton,D - Deer Isle,Holly.Eaton@legislature.maine.gov,(207) 610-9281,Marine Resources; Transportation
38,Brooks,Benjamin C. Hymes,R - Waldo,Benjamin.Hymes@legislature.maine.gov,(207) 808-3413,Veterans and Legal Affairs
16,Brooksville,Nina Azella Milliken,D - Blue Hill,Nina.Milliken@legislature.maine.gov,(207) 412-8828,Elections; Criminal Justice and Public Safety
8,unorganized territory of Brookton Township,Tracy L. Quint,R - Hodgdon,Tracy.Quint@legislature.maine.gov,(207) 217-4493,Taxation
82,Brownfield,Nathan J. Wadsworth,R - Hiram,Nathan.Wadsworth@legislature.maine.gov,(207) 838-7451,"Bills in the Second Reading; Energy, Utilities and Technology"
30,township Brownville,James Lee White,R - Guilford,James.White@legislature.maine.gov,(207) 564-7308,Transportation
31,Brownville,Chad R. Perkins,R - Dover-Foxcroft,Chad.Perkins@legislature.maine.gov,(207) 279-0927,Criminal Justice and Public Safety; Government Oversight Committee
99,Brunswick (Part),Cheryl A. Golek,D - Harpswell,Cheryl.Golek@legislature.maine.gov,(207) 535-9857,Housing and Economic Development; Marine Resources
100,Brunswick (Part),Daniel J. Ankeles,D - Brunswick,Daniel.Ankeles@legislature.maine.gov,(207) 756-3793,Environment and Natural Resources; Transportation
101,Brunswick (Part),Poppy Arford,D - Brunswick,Poppy.Arford@legislature.maine.gov,(207) 522-1997,"Health Coverage, Insurance and Financial Services"
80,Buckfield,Caldwell Jackson,R - Oxford,Caldwell.Jackson@legislature.maine.gov,(207) 272-8543,"Agriculture, Conservation and Forestry"
17,Bucksport,Steven M. Bishop,R - Bucksport,Steven.Bishop@legislature.maine.gov,(207) 991-7909,Transportation
18,Burlington,Mathew David McIntyre,R - Lowell,Mathew.McIntyre@legislature.maine.gov,(207) 680-0678,"Engrossed Bills - Ranking Member; Criminal Justice and Public Safety; Energy, Utilities and Technology"
68,Burnham,Amanda N. Collamore,R - Pittsfield,Amanda.Collamore@legislature.maine.gov,(207) 679-7305,Ethics - Ranking Member; Housing and Economic Development - Ranking Member
137,Buxton (Part),Nathan M. Carlow,R - Buxton,Nathan.Carlow@legislature.maine.gov,(207) 241-9939,Bills in the Second Reading; Education and Cultural Affairs
138,Buxton (Part),Mark John Blier,R - Buxton,Mark.Blier@legislature.maine.gov,(207) 712-5705,Appropriations and Financial Affairs
78,Byron,Rachel A. Henderson,R - Rumford,Rachel.Henderson@legislature.maine.gov,(207) 381-4237,Judiciary
9,Calais,Arthur Kevin Mingo,R - Calais,Arthur.Mingo@legislature.maine.gov,(207) 214-8537,Housing and Economic Development
30,Cambridge,James Lee White,R - Guilford,James.White@legislature.maine.gov,(207) 564-7308,Transportation
41,Camden,Victoria W. Doudera,D - Camden,Vicki.Doudera@legislature.maine.gov,(207) 542-1990,Environment and Natural Resources - Chair
69,Canaan,Dean A. Cray,R - Palmyra,dean.cray@legislature.maine.gov,(207) 478-8279,"Bills in the Second Reading; Agriculture, Conservation and Forestry"
77,Canton,Tammy L. Schmersal-Burgess,R - Mexico,Tammy.Schmersal-Burgess@legislature.maine.gov,(207) 357-7179,Environment and Natural Resources
121,Cape Elizabeth (Part),Christopher J. Kessler,D - South Portland,Christopher.Kessler@legislature.maine.gov,(207) 956-0882,"Bills in the Second Reading; Energy, Utilities and Technology"
123,Cape Elizabeth (Part),Michelle Nicole Boyer,D - Cape Elizabeth,Michelle.Boyer@legislature.maine.gov,(207) 239-6318,"Health Coverage, Insurance and Financial Services"
72,Caratunk,Elizabeth M. Caruso,R - Caratunk,Elizabeth.Caruso@legislature.maine.gov,(207) 399-9992,Leaves of Absence; Judiciary
4,Caribou,Timothy C. Guerrette,R - Caribou,Timothy.Guerrette@legislature.maine.gov,(207) 227-3577,"Agriculture, Conservation and Forestry - Ranking Member"
35,Carmel,James E. Thorne,R - Carmel,Jim.Thorne@legislature.maine.gov,(207) 735-5827,Inland Fisheries and Wildlife; Marine Resources - Ranking Member
73,Carrabassett Valley,Michael Soboleski,R - Phillips,Michael.Soboleski@legislature.maine.gov,(207) 400-7233,Environment and Natural Resources; Labor
8,plantation Carroll,Tracy L. Quint,R - Hodgdon,Tracy.Quint@legislature.maine.gov,(207) 217-4493,Taxation
73,unorganized territory of Carrying Place Township,Michael Soboleski,R - Phillips,Michael.Soboleski@legislature.maine.gov,(207) 400-7233,Environment and Natural Resources; Labor
74,Carthage,Randall C. Hall,R - Wilton,Randall.Hall@legislature.maine.gov,(207) 860-8431,Legislative Service:
8,unorganized territory of Cary Township,Tracy L. Quint,R - Hodgdon,Tracy.Quint@legislature.maine.gov,(207) 217-4493,Taxation
86,Casco,Rolf A. Olsen,R - Raymond,Rolf.Olsen@legislature.maine.gov,(207) 632-1530,"Health Coverage, Insurance and Financial Services"
16,Castine,Nina Azella Milliken,D - Blue Hill,Nina.Milliken@legislature.maine.gov,(207) 412-8828,Elections; Criminal Justice and Public Safety
6,Castle Hill,Donald J. Ardell,R - Monticello,Donald.Ardell@legislature.maine.gov,(207) 521-1130,Engrossed Bills; Criminal Justice and Public Safety
3,Caswell,Mark Michael Babin,R - Fort Fairfield,Mark.Babin@legislature.maine.gov,(207) 227-0198,Judiciary
10,unorganized territory of Cathance Township,William R. Tuell,R - East Machias,William.tuell@legislature.maine.gov,(207) 271-8521,State and Local Government
11,unorganized territory of Centerville Township,Tiffany Strout,R - Harrington,Tiffany.Strout@legislature.maine.gov,(207) 598-7043,Marine Resources
6,unorganized territory of Central Aroostook,Donald J. Ardell,R - Monticello,Donald.Ardell@legislature.maine.gov,(207) 521-1130,Engrossed Bills; Criminal Justice and Public Safety
13,Central Hancock,Russell P. White,R - Ellsworth,Russell.White@legislature.maine.gov,(207) 460-6359,Taxation
72,Central Somerset,Elizabeth M. Caruso,R - Caratunk,Elizabeth.Caruso@legislature.maine.gov,(207) 399-9992,Leaves of Absence; Judiciary
6,Chapman,Donald J. Ardell,R - Monticello,Donald.Ardell@legislature.maine.gov,(207) 521-1130,Engrossed Bills; Criminal Justice and Public Safety
32,Charleston,Steven D. Foster,R - Dexter,Steven.Foster@legislature.maine.gov,(207) 924-4409,"Energy, Utilities and Technology - Ranking Member"
10,Charlotte,William R. Tuell,R - East Machias,William.tuell@legislature.maine.gov,(207) 271-8521,State and Local Government
110,Chebeague Island,Christina R.C. Mitchell,D - Cumberland,Christina.Mitchell@legislature.maine.gov,(207) 829-6307,Education and Cultural Affairs
53,Chelsea,Michael H. Lemelin,R - Chelsea,Michael.Lemelin@legislature.maine.gov,(207) 798-9399,Government Oversight Committee - Ranking Member; Health and Human Services
18,Cherryfield,Mathew David McIntyre,R - Lowell,Mathew.McIntyre@legislature.maine.gov,(207) 680-0678,"Engrossed Bills - Ranking Member; Criminal Justice and Public Safety; Energy, Utilities and Technology"
29,Chester,Kathy Irene Javner,R - Chester,Kathy.Javner@legislature.maine.gov,(207) 290-1321,Health and Human Services - Ranking Member
75,Chesterville,Stephan M. Bunker,D - Farmington,Stephan.Bunker@legislature.maine.gov,(207) 592-1247,"Agriculture, Conservation and Forestry; Criminal Justice and Public Safety"
62,China,Katrina J. Smith,R - Palermo,Katrina.Smith@legislature.maine.gov,(207) 230-9583,Ethics; Rules and Business of the House; Joint Select Committee on Joint Rules
18,Clifton,Mathew David McIntyre,R - Lowell,Mathew.McIntyre@legislature.maine.gov,(207) 680-0678,"Engrossed Bills - Ranking Member; Criminal Justice and Public Safety; Energy, Utilities and Technology"
68,Clinton,Amanda N. Collamore,R - Pittsfield,Amanda.Collamore@legislature.maine.gov,(207) 679-7305,Ethics - Ranking Member; Housing and Economic Development - Ranking Member
8,unorganized territory of Codyville Township,Tracy L. Quint,R - Hodgdon,Tracy.Quint@legislature.maine.gov,(207) 217-4493,Taxation
11,Columbia,Tiffany Strout,R - Harrington,Tiffany.Strout@legislature.maine.gov,(207) 598-7043,Marine Resources
11,Columbia Falls,Tiffany Strout,R - Harrington,Tiffany.Strout@legislature.maine.gov,(207) 598-7043,Marine Resources
72,unorganized territory of Concord Township,Elizabeth M. Caruso,R - Caratunk,Elizabeth.Caruso@legislature.maine.gov,(207) 399-9992,Leaves of Absence; Judiciary
3,township Connor,Mark Michael Babin,R - Fort Fairfield,Mark.Babin@legislature.maine.gov,(207) 227-0198,Judiciary
10,Cooper,William R. Tuell,R - East Machias,William.tuell@legislature.maine.gov,(207) 271-8521,State and Local Government
73,plantation Coplin,Michael Soboleski,R - Phillips,Michael.Soboleski@legislature.maine.gov,(207) 400-7233,Environment and Natural Resources; Labor
33,Corinna,Kenneth Wade Fredette,R - Newport,Kenneth.Fredette@legislature.maine.gov,(207) 287-1440,Appropriations and Financial Affairs
27,Corinth,Gary A. Drinkwater,R - Milford,Gary.Drinkwater@legislature.maine.gov,(207) 356-8198,Labor - Ranking Member
138,Cornish,Mark John Blier,R - Buxton,Mark.Blier@legislature.maine.gov,(207) 712-5705,Appropriations and Financial Affairs
71,Cornville,"John ""Jack"" E. Ducharme",R - Madison,Jack.Ducharme@legislature.maine.gov,(207) 431-0775,Appropriations and Financial Affairs - Ranking Member
14,Cranberry Isles,Gary Friedmann,D - Bar Harbor,Gary.Friedmann@legislature.maine.gov,(207) 460-7362,Taxation
10,Crawford,William R. Tuell,R - East Machias,William.tuell@legislature.maine.gov,(207) 271-8521,State and Local Government
42,unorganized territory of Criehaven Township,Valli D. Geiger,D - Rockland,Valli.Geiger@legislature.maine.gov,(207) 956-1565,"Energy, Utilities and Technology; Labor"
2,unorganized territory of Cross Lake Township,Roger Clarence Albert,R - Madawaska,Roger.Albert@legislature.maine.gov,(207) 436-9156,Transportation
8,Crystal,Tracy L. Quint,R - Hodgdon,Tracy.Quint@legislature.maine.gov,(207) 217-4493,Taxation
110,Cumberland,Christina R.C. Mitchell,D - Cumberland,Christina.Mitchell@legislature.maine.gov,(207) 829-6307,Education and Cultural Affairs
43,Cushing,Ann Higgins Matlack,D - St. George,Ann.Matlack@legislature.maine.gov,(207) 691-1474,Government Oversight Committee; State and Local Government; Taxation
10,Cutler,William R. Tuell,R - East Machias,William.tuell@legislature.maine.gov,(207) 271-8521,State and Local Government
3,plantation Cyr,Mark Michael Babin,R - Fort Fairfield,Mark.Babin@legislature.maine.gov,(207) 227-0198,Judiciary
73,plantation Dallas,Michael Soboleski,R - Phillips,Michael.Soboleski@legislature.maine.gov,(207) 400-7233,Environment and Natural Resources; Labor
46,Damariscotta,Lydia V. Crafts,D - Newcastle,Lydia.Crafts@legislature.maine.gov,(207) 593-2664,Elections - Chair; Transportation - Chair
8,Danforth,Tracy L. Quint,R - Hodgdon,Tracy.Quint@legislature.maine.gov,(207) 217-4493,Taxation
18,unorganized territory of Day Block Township,Mathew David McIntyre,R - Lowell,Mathew.McIntyre@legislature.maine.gov,(207) 680-0678,"Engrossed Bills - Ranking Member; Criminal Justice and Public Safety; Energy, Utilities and Technology"
140,Dayton,Wayne R. Parry,R - Arundel,Wayne.Parry@legislature.maine.gov,(207) 286-9146,Transportation - Ranking Member
18,Deblois,Mathew David McIntyre,R - Lowell,Mathew.McIntyre@legislature.maine.gov,(207) 680-0678,"Engrossed Bills - Ranking Member; Criminal Justice and Public Safety; Energy, Utilities and Technology"
18,Dedham,Mathew David McIntyre,R - Lowell,Mathew.McIntyre@legislature.maine.gov,(207) 680-0678,"Engrossed Bills - Ranking Member; Criminal Justice and Public Safety; Energy, Utilities and Technology"
15,Deer Isle,Holly Rae Eaton,D - Deer Isle,Holly.Eaton@legislature.maine.gov,(207) 610-9281,Marine Resources; Transportation
83,Denmark,Marygrace Caroline Cimino,R - Bridgton,Marygrace.Cimino@legislature.maine.gov,(804) 380-6101,"Health Coverage, Insurance and Financial Services"
73,plantation Dennistown,Michael Soboleski,R - Phillips,Michael.Soboleski@legislature.maine.gov,(207) 400-7233,Environment and Natural Resources; Labor
10,Dennysville,William R. Tuell,R - East Machias,William.tuell@legislature.maine.gov,(207) 271-8521,State and Local Government
69,Detroit,Dean A. Cray,R - Palmyra,dean.cray@legislature.maine.gov,(207) 478-8279,"Bills in the Second Reading; Agriculture, Conservation and Forestry"
32,Dexter,Steven D. Foster,R - Dexter,Steven.Foster@legislature.maine.gov,(207) 924-4409,"Energy, Utilities and Technology - Ranking Member"
77,Dixfield,Tammy L. Schmersal-Burgess,R - Mexico,Tammy.Schmersal-Burgess@legislature.maine.gov,(207) 357-7179,Environment and Natural Resources
33,Dixmont,Kenneth Wade Fredette,R - Newport,Kenneth.Fredette@legislature.maine.gov,(207) 287-1440,Appropriations and Financial Affairs
31,Dover-Foxcroft,Chad R. Perkins,R - Dover-Foxcroft,Chad.Perkins@legislature.maine.gov,(207) 279-0927,Criminal Justice and Public Safety; Government Oversight Committee
53,Dresden,Michael H. Lemelin,R - Chelsea,Michael.Lemelin@legislature.maine.gov,(207) 798-9399,Government Oversight Committee - Ranking Member; Health and Human Services
8,unorganized territory of Drew Township,Tracy L. Quint,R - Hodgdon,Tracy.Quint@legislature.maine.gov,(207) 217-4493,Taxation
98,Durham,Kilton M. Webb,D - Durham,Kilton.Webb@legislature.maine.gov,(207) 458-0172,"Energy, Utilities and Technology"
6,Dyer Brook,Donald J. Ardell,R - Monticello,Donald.Ardell@legislature.maine.gov,(207) 521-1130,Engrossed Bills; Criminal Justice and Public Safety
6,unorganized territory of E Township,Donald J. Ardell,R - Monticello,Donald.Ardell@legislature.maine.gov,(207) 521-1130,Engrossed Bills; Criminal Justice and Public Safety
1,Eagle Lake,Lucien J.B. Daigle,R - Fort Kent,Lucien.Daigle@legislature.maine.gov,(207) 631-8082,Health and Human Services
73,unorganized territory of East Central Franklin,Michael Soboleski,R - Phillips,Michael.Soboleski@legislature.maine.gov,(207) 400-7233,Environment and Natural Resources; Labor
18,East Central Penobscot,Mathew David McIntyre,R - Lowell,Mathew.McIntyre@legislature.maine.gov,(207) 680-0678,"Engrossed Bills - Ranking Member; Criminal Justice and Public Safety; Energy, Utilities and Technology"
10,unorganized territory of East Central Washington,William R. Tuell,R - East Machias,William.tuell@legislature.maine.gov,(207) 271-8521,State and Local Government
18,unorganized territory of East Hancock,Mathew David McIntyre,R - Lowell,Mathew.McIntyre@legislature.maine.gov,(207) 680-0678,"Engrossed Bills - Ranking Member; Criminal Justice and Public Safety; Energy, Utilities and Technology"
10,East Machias,William R. Tuell,R - East Machias,William.tuell@legislature.maine.gov,(207) 271-8521,State and Local Government
29,East Millinocket,Kathy Irene Javner,R - Chester,Kathy.Javner@legislature.maine.gov,(207) 290-1321,Health and Human Services - Ranking Member
18,Eastbrook,Mathew David McIntyre,R - Lowell,Mathew.McIntyre@legislature.maine.gov,(207) 680-0678,"Engrossed Bills - Ranking Member; Criminal Justice and Public Safety; Energy, Utilities and Technology"
3,Easton,Mark Michael Babin,R - Fort Fairfield,Mark.Babin@legislature.maine.gov,(207) 227-0198,Judiciary
9,Eastport,Arthur Kevin Mingo,R - Calais,Arthur.Mingo@legislature.maine.gov,(207) 214-8537,Housing and Economic Development
19,Eddington,Richard H. Campbell,R - Orrington,Richard.Campbell@legislature.maine.gov,(207) 745-7748,Ethics; Rules and Business of the House - Ranking Member; Environment and Natural Resources - Ranking Member
48,Edgecomb,Holly B. Stover,D - Boothbay,Holly.Stover@legislature.maine.gov,(207) 633-5979,Ethics; Appropriations and Financial Affairs
28,Edinburg,Irene A. Gifford,R - Lincoln,Irene.Gifford@legislature.maine.gov,(207) 290-5087,Engrossed Bills; Marine Resources
10,unorganized territory of Edmunds Township,William R. Tuell,R - East Machias,William.tuell@legislature.maine.gov,(207) 271-8521,State and Local Government
150,Eliot,Michele Meyer,D - Eliot,Michele.Meyer@legislature.maine.gov,(207) 438-9197,Health and Human Services - Chair
13,Ellsworth,Russell P. White,R - Ellsworth,Russell.White@legislature.maine.gov,(207) 460-6359,Taxation
72,Embden,Elizabeth M. Caruso,R - Caratunk,Elizabeth.Caruso@legislature.maine.gov,(207) 399-9992,Leaves of Absence; Judiciary
28,Enfield,Irene A. Gifford,R - Lincoln,Irene.Gifford@legislature.maine.gov,(207) 290-5087,Engrossed Bills; Marine Resources
33,Etna,Kenneth Wade Fredette,R - Newport,Kenneth.Fredette@legislature.maine.gov,(207) 287-1440,Appropriations and Financial Affairs
73,Eustis,Michael Soboleski,R - Phillips,Michael.Soboleski@legislature.maine.gov,(207) 400-7233,Environment and Natural Resources; Labor
32,Exeter,Steven D. Foster,R - Dexter,Steven.Foster@legislature.maine.gov,(207) 924-4409,"Energy, Utilities and Technology - Ranking Member"
67,Fairfield,Shelley Rudnicki,R - Fairfield,Shelley.Rudnicki@legislature.maine.gov,(207) 314-6898,Taxation - Ranking Member
111,Falmouth (Part),Amy D. Kuhn,D - Falmouth,Amy.Kuhn@legislature.maine.gov,(207) 939-6903,Ethics; Judiciary - Chair
112,Falmouth (Part),W. Edward Crockett,D - Portland,Ed.Crockett@legislature.maine.gov,(207) 797-8371,Elections; Education and Cultural Affairs; Taxation
54,Farmingdale,Karen L. Montell,D - Gardiner,Karen.Montell@legislature.maine.gov,(207) 513-0102,Transportation
75,Farmington,Stephan M. Bunker,D - Farmington,Stephan.Bunker@legislature.maine.gov,(207) 592-1247,"Agriculture, Conservation and Forestry; Criminal Justice and Public Safety"
58,Fayette,Sharon C. Frost,U - Belgrade,Sharon.Frost@legislature.maine.gov,(207) 242-6079,"Agriculture, Conservation and Forestry; Veterans and Legal Affairs"
13,unorganized territory of Fletchers Landing Township,Russell P. White,R - Ellsworth,Russell.White@legislature.maine.gov,(207) 460-6359,Taxation
3,Fort Fairfield,Mark Michael Babin,R - Fort Fairfield,Mark.Babin@legislature.maine.gov,(207) 227-0198,Judiciary
1,Fort Kent,Lucien J.B. Daigle,R - Fort Kent,Lucien.Daigle@legislature.maine.gov,(207) 631-8082,Health and Human Services
37,Frankfort (Part),Reagan L. Paul,R - Winterport,Reagan.Paul@legislature.maine.gov,(207) 944-8033,"Elections; Energy, Utilities and Technology"
38,Frankfort (Part),Benjamin C. Hymes,R - Waldo,Benjamin.Hymes@legislature.maine.gov,(207) 808-3413,Veterans and Legal Affairs
12,Franklin,Billy Bob Faulkingham,R - Winter Harbor,William.Faulkingham@legislature.maine.gov,(207) 460-6967,Joint Select Committee on Joint Rules - Ranking Member
63,Freedom,Paul R. Flynn,R - Albion,Paul.Flynn@legislature.maine.gov,(207) 314-5525,"Health Coverage, Insurance and Financial Services"
73,unorganized territory of Freeman Township,Michael Soboleski,R - Phillips,Michael.Soboleski@legislature.maine.gov,(207) 400-7233,Environment and Natural Resources; Labor
102,Freeport,Melanie F. Sachs,D - Freeport,Melanie.Sachs@legislature.maine.gov,(207) 299-6825,"Energy, Utilities and Technology - Chair"
15,Frenchboro,Holly Rae Eaton,D - Deer Isle,Holly.Eaton@legislature.maine.gov,(207) 610-9281,Marine Resources; Transportation
2,Frenchville,Roger Clarence Albert,R - Madawaska,Roger.Albert@legislature.maine.gov,(207) 436-9156,Transportation
45,Friendship,Abden S. Simmons,R - Waldoboro,Abden.Simmons@legislature.maine.gov,(207) 446-4518,Marine Resources
86,Frye Island,Rolf A. Olsen,R - Raymond,Rolf.Olsen@legislature.maine.gov,(207) 632-1530,"Health Coverage, Insurance and Financial Services"
82,Fryeburg,Nathan J. Wadsworth,R - Hiram,Nathan.Wadsworth@legislature.maine.gov,(207) 838-7451,"Bills in the Second Reading; Energy, Utilities and Technology"
54,Gardiner,Karen L. Montell,D - Gardiner,Karen.Montell@legislature.maine.gov,(207) 513-0102,Transportation
1,plantation Garfield,Lucien J.B. Daigle,R - Fort Kent,Lucien.Daigle@legislature.maine.gov,(207) 631-8082,Health and Human Services
32,Garland,Steven D. Foster,R - Dexter,Steven.Foster@legislature.maine.gov,(207) 924-4409,"Energy, Utilities and Technology - Ranking Member"
49,Georgetown,Allison Hepler,D - Woolwich,Allison.Hepler@legislature.maine.gov,(207) 319-4396,"Agriculture, Conservation and Forestry; Marine Resources - Chair"
73,Gilead,Michael Soboleski,R - Phillips,Michael.Soboleski@legislature.maine.gov,(207) 400-7233,Environment and Natural Resources; Labor
34,Glenburn,Abigail W. Griffin,R - Levant,Abigail.Griffin@legislature.maine.gov,(207) 403-3671,Health and Human Services
8,plantation Glenwood,Tracy L. Quint,R - Hodgdon,Tracy.Quint@legislature.maine.gov,(207) 217-4493,Taxation
108,Gorham (Part),Parnell William Terry,D - Gorham,Parnell.Terry@legislature.maine.gov,(207) 318-1740,Inland Fisheries and Wildlife; Veterans and Legal Affairs
109,Gorham (Part),Eleanor Y. Sato,D - Gorham,Eleanor.Sato@legislature.maine.gov,(207) 939-6041,Judiciary
12,Gouldsboro,Billy Bob Faulkingham,R - Winter Harbor,William.Faulkingham@legislature.maine.gov,(207) 460-6967,Joint Select Committee on Joint Rules - Ranking Member
2,Grand Isle,Roger Clarence Albert,R - Madawaska,Roger.Albert@legislature.maine.gov,(207) 436-9156,Transportation
9,plantation Grand Lake Stream,Arthur Kevin Mingo,R - Calais,Arthur.Mingo@legislature.maine.gov,(207) 214-8537,Housing and Economic Development
104,Gray (Part),Amy Bradstreet Arata,R - New Gloucester,Amy.Arata@legislature.maine.gov,(207) 333-1817,Appropriations and Financial Affairs
105,Gray (Part),Anne P. Graham,D - North Yarmouth,Anne.Graham@legislature.maine.gov,(207) 370-4414,Health and Human Services; Veterans and Legal Affairs
18,Great Pond,Mathew David McIntyre,R - Lowell,Mathew.McIntyre@legislature.maine.gov,(207) 680-0678,"Engrossed Bills - Ranking Member; Criminal Justice and Public Safety; Energy, Utilities and Technology"
18,Greenbush,Mathew David McIntyre,R - Lowell,Mathew.McIntyre@legislature.maine.gov,(207) 680-0678,"Engrossed Bills - Ranking Member; Criminal Justice and Public Safety; Energy, Utilities and Technology"
92,Greene,Stephen J. Wood,R - Greene,Stephen.Wood@legislature.maine.gov,(207) 740-3723,Engrossed Bills; Inland Fisheries and Wildlife
18,unorganized territory of Greenfield Township,Mathew David McIntyre,R - Lowell,Mathew.McIntyre@legislature.maine.gov,(207) 680-0678,"Engrossed Bills - Ranking Member; Criminal Justice and Public Safety; Energy, Utilities and Technology"
10,unorganized territory of Greenlaw Chopping Township,William R. Tuell,R - East Machias,William.tuell@legislature.maine.gov,(207) 271-8521,State and Local Government
30,Greenville,James Lee White,R - Guilford,James.White@legislature.maine.gov,(207) 564-7308,Transportation
81,Greenwood,Peter Conley Wood,R - Norway,Peter.Wood@legislature.maine.gov,(207) 890-3324,Marine Resources
30,Guilford,James Lee White,R - Guilford,James.White@legislature.maine.gov,(207) 564-7308,Transportation
55,Hallowell,Daniel Joseph Shagoury,D - Hallowell,Daniel.Shagoury@legislature.maine.gov,(207) 242-2169,Health and Human Services
3,Hamlin,Mark Michael Babin,R - Fort Fairfield,Mark.Babin@legislature.maine.gov,(207) 227-0198,Judiciary
6,Hammond,Donald J. Ardell,R - Monticello,Donald.Ardell@legislature.maine.gov,(207) 521-1130,Engrossed Bills; Criminal Justice and Public Safety
36,Hampden,Kimberly M. Haggan,R - Hampden,Kimberly.Haggan@legislature.maine.gov,(207) 735-7333,Education and Cultural Affairs
12,Hancock,Billy Bob Faulkingham,R - Winter Harbor,William.Faulkingham@legislature.maine.gov,(207) 460-6967,Joint Select Committee on Joint Rules - Ranking Member
78,Hanover,Rachel A. Henderson,R - Rumford,Rachel.Henderson@legislature.maine.gov,(207) 381-4237,Judiciary
72,Harmony,Elizabeth M. Caruso,R - Caratunk,Elizabeth.Caruso@legislature.maine.gov,(207) 399-9992,Leaves of Absence; Judiciary
99,Harpswell,Cheryl A. Golek,D - Harpswell,Cheryl.Golek@legislature.maine.gov,(207) 535-9857,Housing and Economic Development; Marine Resources
11,Harrington,Tiffany Strout,R - Harrington,Tiffany.Strout@legislature.maine.gov,(207) 598-7043,Marine Resources
83,Harrison,Marygrace Caroline Cimino,R - Bridgton,Marygrace.Cimino@legislature.maine.gov,(804) 380-6101,"Health Coverage, Insurance and Financial Services"
77,Hartford,Tammy L. Schmersal-Burgess,R - Mexico,Tammy.Schmersal-Burgess@legislature.maine.gov,(207) 357-7179,Environment and Natural Resources
69,Hartland,Dean A. Cray,R - Palmyra,dean.cray@legislature.maine.gov,(207) 478-8279,"Bills in the Second Reading; Agriculture, Conservation and Forestry"
8,Haynesville,Tracy L. Quint,R - Hodgdon,Tracy.Quint@legislature.maine.gov,(207) 217-4493,Taxation
80,Hebron,Caldwell Jackson,R - Oxford,Caldwell.Jackson@legislature.maine.gov,(207) 272-8543,"Agriculture, Conservation and Forestry"
35,Hermon,James E. Thorne,R - Carmel,Jim.Thorne@legislature.maine.gov,(207) 735-5827,Inland Fisheries and Wildlife; Marine Resources - Ranking Member
6,Hersey,Donald J. Ardell,R - Monticello,Donald.Ardell@legislature.maine.gov,(207) 521-1130,Engrossed Bills; Criminal Justice and Public Safety
29,unorganized territory of Herseytown Township,Kathy Irene Javner,R - Chester,Kathy.Javner@legislature.maine.gov,(207) 290-1321,Health and Human Services - Ranking Member
62,unorganized territory of Hibberts Gore Township,Katrina J. Smith,R - Palermo,Katrina.Smith@legislature.maine.gov,(207) 230-9583,Ethics; Rules and Business of the House; Joint Select Committee on Joint Rules
73,plantation Highland,Michael Soboleski,R - Phillips,Michael.Soboleski@legislature.maine.gov,(207) 400-7233,Environment and Natural Resources; Labor
82,Hiram,Nathan J. Wadsworth,R - Hiram,Nathan.Wadsworth@legislature.maine.gov,(207) 838-7451,"Bills in the Second Reading; Energy, Utilities and Technology"
8,Hodgdon,Tracy L. Quint,R - Hodgdon,Tracy.Quint@legislature.maine.gov,(207) 217-4493,Taxation
19,Holden,Richard H. Campbell,R - Orrington,Richard.Campbell@legislature.maine.gov,(207) 745-7748,Ethics; Rules and Business of the House - Ranking Member; Environment and Natural Resources - Ranking Member
137,Hollis (Part),Nathan M. Carlow,R - Buxton,Nathan.Carlow@legislature.maine.gov,(207) 241-9939,Bills in the Second Reading; Education and Cultural Affairs
138,Hollis (Part),Mark John Blier,R - Buxton,Mark.Blier@legislature.maine.gov,(207) 712-5705,Appropriations and Financial Affairs
44,Hope,William D. Pluecker,I - Warren,Bill.Pluecker@legislature.maine.gov,(207) 273-3044,"Engrossed Bills; Agriculture, Conservation and Forestry - Chair"
7,Houlton,Gregory Lewis Swallow,R - Houlton,Gregory.Swallow@legislature.maine.gov,(207) 521-7416,Taxation
28,Howland,Irene A. Gifford,R - Lincoln,Irene.Gifford@legislature.maine.gov,(207) 290-5087,Engrossed Bills; Marine Resources
27,Hudson,Gary A. Drinkwater,R - Milford,Gary.Drinkwater@legislature.maine.gov,(207) 356-8198,Labor - Ranking Member
74,Industry,Randall C. Hall,R - Wilton,Randall.Hall@legislature.maine.gov,(207) 860-8431,Legislative Service:
8,Island Falls,Tracy L. Quint,R - Hodgdon,Tracy.Quint@legislature.maine.gov,(207) 217-4493,Taxation
15,Isle au Haut,Holly Rae Eaton,D - Deer Isle,Holly.Eaton@legislature.maine.gov,(207) 610-9281,Marine Resources; Transportation
40,Islesboro,D. Michael Ray,D - Lincolnville,Michael.Ray@legislature.maine.gov,(207) 930-0371,Transportation
72,township Jackman,Elizabeth M. Caruso,R - Caratunk,Elizabeth.Caruso@legislature.maine.gov,(207) 399-9992,Leaves of Absence; Judiciary
73,Jackman,Michael Soboleski,R - Phillips,Michael.Soboleski@legislature.maine.gov,(207) 400-7233,Environment and Natural Resources; Labor
38,Jackson,Benjamin C. Hymes,R - Waldo,Benjamin.Hymes@legislature.maine.gov,(207) 808-3413,Veterans and Legal Affairs
76,Jay,Sheila A. Lyman,R - Livermore Falls,Sheila.Lyman@legislature.maine.gov,(207) 320-0588,Education and Cultural Affairs - Ranking Member
47,Jefferson,Wayne K. Farrin,D - Jefferson,Wayne.Farrin@legislature.maine.gov,(207) 592-9057,Marine Resources; State and Local Government
11,Jonesboro,Tiffany Strout,R - Harrington,Tiffany.Strout@legislature.maine.gov,(207) 598-7043,Marine Resources
11,Jonesport,Tiffany Strout,R - Harrington,Tiffany.Strout@legislature.maine.gov,(207) 598-7043,Marine Resources
34,Kenduskeag,Abigail W. Griffin,R - Levant,Abigail.Griffin@legislature.maine.gov,(207) 403-3671,Health and Human Services
134,Kennebunk (Part),Traci Gere,D - Kennebunkport,Traci.Gere@legislature.maine.gov,(207) 710-3557,Engrossed Bills; Housing and Economic Development - Chair
135,Kennebunk (Part),Daniel Sayre,D - Kennebunk,Daniel.Sayre@legislature.maine.gov,(207) 613-6776,Taxation
134,Kennebunkport,Traci Gere,D - Kennebunkport,Traci.Gere@legislature.maine.gov,(207) 710-3557,Engrossed Bills; Housing and Economic Development - Chair
73,Kingfield,Michael Soboleski,R - Phillips,Michael.Soboleski@legislature.maine.gov,(207) 400-7233,Environment and Natural Resources; Labor
8,unorganized territory of Kingman Township,Tracy L. Quint,R - Hodgdon,Tracy.Quint@legislature.maine.gov,(207) 217-4493,Taxation
30,plantation Kingsbury,James Lee White,R - Guilford,James.White@legislature.maine.gov,(207) 564-7308,Transportation
150,Kittery (Part),Michele Meyer,D - Eliot,Michele.Meyer@legislature.maine.gov,(207) 438-9197,Health and Human Services - Chair
151,Kittery (Part),Kristi Michele Mathieson,D - Kittery,Kristi.Mathieson@legislature.maine.gov,(603) 969-7496,"Health Coverage, Insurance and Financial Services - Chair"
38,Knox,Benjamin C. Hymes,R - Waldo,Benjamin.Hymes@legislature.maine.gov,(207) 808-3413,Veterans and Legal Affairs
28,Lagrange,Irene A. Gifford,R - Lincoln,Irene.Gifford@legislature.maine.gov,(207) 290-5087,Engrossed Bills; Marine Resources
31,plantation Lake View,Chad R. Perkins,R - Dover-Foxcroft,Chad.Perkins@legislature.maine.gov,(207) 279-0927,Criminal Justice and Public Safety; Government Oversight Committee
8,Lakeville,Tracy L. Quint,R - Hodgdon,Tracy.Quint@legislature.maine.gov,(207) 217-4493,Taxation
14,Lamoine,Gary Friedmann,D - Bar Harbor,Gary.Friedmann@legislature.maine.gov,(207) 460-7362,Taxation
144,Lebanon,Jeffrey Sean Adams,R - Lebanon,Jeffrey.Adams@legislature.maine.gov,(207) 457-2054,State and Local Government
8,Lee,Tracy L. Quint,R - Hodgdon,Tracy.Quint@legislature.maine.gov,(207) 217-4493,Taxation
91,Leeds,Joshua K. Morris,R - Turner,Joshua.Morris@legislature.maine.gov,(207) 754-7829,"Elections - Ranking Member; Health Coverage, Insurance and Financial Services"
34,Levant,Abigail W. Griffin,R - Levant,Abigail.Griffin@legislature.maine.gov,(207) 403-3671,Health and Human Services
93,Lewiston (Part),Julia A.G. McCabe,D - Lewiston,Julia.McCabe@legislature.maine.gov,(240) 498-9332,Leaves of Absence; Health and Human Services
94,Lewiston (Part),Kristen Cloutier,D - Lewiston,Kristen.Cloutier@legislature.maine.gov,(207) 807-1637,Appropriations and Financial Affairs; Taxation - Chair
95,Lewiston (Part),Mana H. Abdi,D - Lewiston,Mana.Abdi@legislature.maine.gov,(207) 520-7379,Bills in the Second Reading; Criminal Justice and Public Safety
96,Lewiston (Part),Michel A. Lajoie,D - Lewiston,Michel.Lajoie@legislature.maine.gov,(207) 713-7119,Leaves of Absence - Chair; Criminal Justice and Public Safety
72,unorganized territory of Lexington Township,Elizabeth M. Caruso,R - Caratunk,Elizabeth.Caruso@legislature.maine.gov,(207) 399-9992,Leaves of Absence; Judiciary
40,Liberty,D. Michael Ray,D - Lincolnville,Michael.Ray@legislature.maine.gov,(207) 930-0371,Transportation
139,Limerick,David C. Woodsome,R - Waterboro,David.Woodsome@legislature.maine.gov,(207) 432-5643,Leaves of Absence - Ranking Member; Environment and Natural Resources; Inland Fisheries and Wildlife
3,Limestone,Mark Michael Babin,R - Fort Fairfield,Mark.Babin@legislature.maine.gov,(207) 227-0198,Judiciary
138,Limington,Mark John Blier,R - Buxton,Mark.Blier@legislature.maine.gov,(207) 712-5705,Appropriations and Financial Affairs
28,Lincoln,Irene A. Gifford,R - Lincoln,Irene.Gifford@legislature.maine.gov,(207) 290-5087,Engrossed Bills; Marine Resources
73,plantation Lincoln,Michael Soboleski,R - Phillips,Michael.Soboleski@legislature.maine.gov,(207) 400-7233,Environment and Natural Resources; Labor
40,Lincolnville,D. Michael Ray,D - Lincolnville,Michael.Ray@legislature.maine.gov,(207) 930-0371,Transportation
7,Linneus,Gregory Lewis Swallow,R - Houlton,Gregory.Swallow@legislature.maine.gov,(207) 521-7416,Taxation
97,Lisbon (Part),Richard G. Mason,R - Lisbon,Richard.Mason@legislature.maine.gov,(207) 577-1001,Bills in the Second Reading - Ranking Member; Inland Fisheries and Wildlife - Ranking Member; Transportation
98,Lisbon (Part),Kilton M. Webb,D - Durham,Kilton.Webb@legislature.maine.gov,(207) 458-0172,"Energy, Utilities and Technology"
56,Litchfield,Randall Adam Greenwood,R - Wales,Randall.Greenwood@legislature.maine.gov,(207) 754-6604,State and Local Government - Ranking Member
6,Littleton,Donald J. Ardell,R - Monticello,Donald.Ardell@legislature.maine.gov,(207) 521-1130,Engrossed Bills; Criminal Justice and Public Safety
76,Livermore (Part),Sheila A. Lyman,R - Livermore Falls,Sheila.Lyman@legislature.maine.gov,(207) 320-0588,Education and Cultural Affairs - Ranking Member
77,Livermore (Part),Tammy L. Schmersal-Burgess,R - Mexico,Tammy.Schmersal-Burgess@legislature.maine.gov,(207) 357-7179,Environment and Natural Resources
76,Livermore Falls,Sheila A. Lyman,R - Livermore Falls,Sheila.Lyman@legislature.maine.gov,(207) 320-0588,Education and Cultural Affairs - Ranking Member
81,Locke Mills,Peter Conley Wood,R - Norway,Peter.Wood@legislature.maine.gov,(207) 890-3324,Marine Resources
110,Long Island,Christina R.C. Mitchell,D - Cumberland,Christina.Mitchell@legislature.maine.gov,(207) 829-6307,Education and Cultural Affairs
45,unorganized territory of Louds Island Township,Abden S. Simmons,R - Waldoboro,Abden.Simmons@legislature.maine.gov,(207) 446-4518,Marine Resources
82,Lovell,Nathan J. Wadsworth,R - Hiram,Nathan.Wadsworth@legislature.maine.gov,(207) 838-7451,"Bills in the Second Reading; Energy, Utilities and Technology"
18,Lowell,Mathew David McIntyre,R - Lowell,Mathew.McIntyre@legislature.maine.gov,(207) 680-0678,"Engrossed Bills - Ranking Member; Criminal Justice and Public Safety; Energy, Utilities and Technology"
10,Lubec,William R. Tuell,R - East Machias,William.tuell@legislature.maine.gov,(207) 271-8521,State and Local Government
7,Ludlow,Gregory Lewis Swallow,R - Houlton,Gregory.Swallow@legislature.maine.gov,(207) 521-7416,Taxation
136,Lyman (Part),John M. Eder,R - Waterboro,John.Eder@legislature.maine.gov,(207) 283-5729,Government Oversight Committee; Housing and Economic Development
140,Lyman (Part),Wayne R. Parry,R - Arundel,Wayne.Parry@legislature.maine.gov,(207) 286-9146,Transportation - Ranking Member
11,Machias,Tiffany Strout,R - Harrington,Tiffany.Strout@legislature.maine.gov,(207) 598-7043,Marine Resources
10,Machiasport,William R. Tuell,R - East Machias,William.tuell@legislature.maine.gov,(207) 271-8521,State and Local Government
8,plantation Macwahoc,Tracy L. Quint,R - Hodgdon,Tracy.Quint@legislature.maine.gov,(207) 217-4493,Taxation
2,Madawaska,Roger Clarence Albert,R - Madawaska,Roger.Albert@legislature.maine.gov,(207) 436-9156,Transportation
2,unorganized territory of Madawaska Lake Township,Roger Clarence Albert,R - Madawaska,Roger.Albert@legislature.maine.gov,(207) 436-9156,Transportation
71,Madison,"John ""Jack"" E. Ducharme",R - Madison,Jack.Ducharme@legislature.maine.gov,(207) 431-0775,Appropriations and Financial Affairs - Ranking Member
73,unorganized territory of Madrid Township,Michael Soboleski,R - Phillips,Michael.Soboleski@legislature.maine.gov,(207) 400-7233,Environment and Natural Resources; Labor
73,plantation Magalloway Township,Michael Soboleski,R - Phillips,Michael.Soboleski@legislature.maine.gov,(207) 400-7233,Environment and Natural Resources; Labor
55,Manchester,Daniel Joseph Shagoury,D - Hallowell,Daniel.Shagoury@legislature.maine.gov,(207) 242-2169,Health and Human Services
6,Mapleton,Donald J. Ardell,R - Monticello,Donald.Ardell@legislature.maine.gov,(207) 521-1130,Engrossed Bills; Criminal Justice and Public Safety
18,Mariaville,Mathew David McIntyre,R - Lowell,Mathew.McIntyre@legislature.maine.gov,(207) 680-0678,"Engrossed Bills - Ranking Member; Criminal Justice and Public Safety; Energy, Utilities and Technology"
6,Mars Hill,Donald J. Ardell,R - Monticello,Donald.Ardell@legislature.maine.gov,(207) 521-1130,Engrossed Bills; Criminal Justice and Public Safety
15,unorganized territory of Marshall Island,Holly Rae Eaton,D - Deer Isle,Holly.Eaton@legislature.maine.gov,(207) 610-9281,Marine Resources; Transportation
10,Marshfield,William R. Tuell,R - East Machias,William.tuell@legislature.maine.gov,(207) 271-8521,State and Local Government
1,Masardis,Lucien J.B. Daigle,R - Fort Kent,Lucien.Daigle@legislature.maine.gov,(207) 631-8082,Health and Human Services
81,unorganized territory of Mason Township,Peter Conley Wood,R - Norway,Peter.Wood@legislature.maine.gov,(207) 890-3324,Marine Resources
42,plantation Matinicus Isle,Valli D. Geiger,D - Rockland,Valli.Geiger@legislature.maine.gov,(207) 956-1565,"Energy, Utilities and Technology; Labor"
28,township Mattamiscontis,Irene A. Gifford,R - Lincoln,Irene.Gifford@legislature.maine.gov,(207) 290-5087,Engrossed Bills; Marine Resources
8,Mattawamkeag,Tracy L. Quint,R - Hodgdon,Tracy.Quint@legislature.maine.gov,(207) 217-4493,Taxation
28,Maxfield,Irene A. Gifford,R - Lincoln,Irene.Gifford@legislature.maine.gov,(207) 290-5087,Engrossed Bills; Marine Resources
87,Mechanic Falls,David W. Boyer,R - Poland,David.Boyer@legislature.maine.gov,(207) 274-4633,Elections; Veterans and Legal Affairs - Ranking Member
9,Meddybemps,Arthur Kevin Mingo,R - Calais,Arthur.Mingo@legislature.maine.gov,(207) 214-8537,Housing and Economic Development
31,Medford,Chad R. Perkins,R - Dover-Foxcroft,Chad.Perkins@legislature.maine.gov,(207) 279-0927,Criminal Justice and Public Safety; Government Oversight Committee
29,Medway,Kathy Irene Javner,R - Chester,Kathy.Javner@legislature.maine.gov,(207) 290-1321,Health and Human Services - Ranking Member
66,Mercer,Robert W. Nutting,R - Oakland,Robert.Nutting@legislature.maine.gov,(207) 629-7035,Ethics; Criminal Justice and Public Safety - Ranking Member
6,Merrill,Donald J. Ardell,R - Monticello,Donald.Ardell@legislature.maine.gov,(207) 521-1130,Engrossed Bills; Criminal Justice and Public Safety
77,Mexico,Tammy L. Schmersal-Burgess,R - Mexico,Tammy.Schmersal-Burgess@legislature.maine.gov,(207) 357-7179,Environment and Natural Resources
11,Milbridge,Tiffany Strout,R - Harrington,Tiffany.Strout@legislature.maine.gov,(207) 598-7043,Marine Resources
27,Milford,Gary A. Drinkwater,R - Milford,Gary.Drinkwater@legislature.maine.gov,(207) 356-8198,Labor - Ranking Member
29,Millinocket,Kathy Irene Javner,R - Chester,Kathy.Javner@legislature.maine.gov,(207) 290-1321,Health and Human Services - Ranking Member
31,Milo,Chad R. Perkins,R - Dover-Foxcroft,Chad.Perkins@legislature.maine.gov,(207) 279-0927,Criminal Justice and Public Safety; Government Oversight Committee
78,unorganized territory of Milton Township,Rachel A. Henderson,R - Rumford,Rachel.Henderson@legislature.maine.gov,(207) 381-4237,Judiciary
90,Minot,Laurel D. Libby,R - Auburn,Laurel.Libby@legislature.maine.gov,(207) 632-7619,Labor
46,plantation Monhegan,Lydia V. Crafts,D - Newcastle,Lydia.Crafts@legislature.maine.gov,(207) 593-2664,Elections - Chair; Transportation - Chair
56,Monmouth,Randall Adam Greenwood,R - Wales,Randall.Greenwood@legislature.maine.gov,(207) 754-6604,State and Local Government - Ranking Member
38,Monroe,Benjamin C. Hymes,R - Waldo,Benjamin.Hymes@legislature.maine.gov,(207) 808-3413,Veterans and Legal Affairs
30,Monson,James Lee White,R - Guilford,James.White@legislature.maine.gov,(207) 564-7308,Transportation
6,Monticello,Donald J. Ardell,R - Monticello,Donald.Ardell@legislature.maine.gov,(207) 521-1130,Engrossed Bills; Criminal Justice and Public Safety
40,Montville,D. Michael Ray,D - Lincolnville,Michael.Ray@legislature.maine.gov,(207) 930-0371,Transportation
73,Moose River,Michael Soboleski,R - Phillips,Michael.Soboleski@legislature.maine.gov,(207) 400-7233,Environment and Natural Resources; Labor
6,plantation Moro,Donald J. Ardell,R - Monticello,Donald.Ardell@legislature.maine.gov,(207) 521-1130,Engrossed Bills; Criminal Justice and Public Safety
40,Morrill,D. Michael Ray,D - Lincolnville,Michael.Ray@legislature.maine.gov,(207) 930-0371,Transportation
72,Moscow,Elizabeth M. Caruso,R - Caratunk,Elizabeth.Caruso@legislature.maine.gov,(207) 399-9992,Leaves of Absence; Judiciary
73,township Moscow,Michael Soboleski,R - Phillips,Michael.Soboleski@legislature.maine.gov,(207) 400-7233,Environment and Natural Resources; Labor
29,Mount Chase,Kathy Irene Javner,R - Chester,Kathy.Javner@legislature.maine.gov,(207) 290-1321,Health and Human Services - Ranking Member
14,Mount Desert,Gary Friedmann,D - Bar Harbor,Gary.Friedmann@legislature.maine.gov,(207) 460-7362,Taxation
58,Mount Vernon,Sharon C. Frost,U - Belgrade,Sharon.Frost@legislature.maine.gov,(207) 242-6079,"Agriculture, Conservation and Forestry; Veterans and Legal Affairs"
72,unorganized territory of Moxie Gore Township,Elizabeth M. Caruso,R - Caratunk,Elizabeth.Caruso@legislature.maine.gov,(207) 399-9992,Leaves of Absence; Judiciary
42,unorganized territory of Muscle Ridge Islands,Valli D. Geiger,D - Rockland,Valli.Geiger@legislature.maine.gov,(207) 956-1565,"Energy, Utilities and Technology; Labor"
84,Naples,Mark Walker,R - Naples,Mark.Walker@legislature.maine.gov,(207) 272-2728,Housing and Economic Development
1,plantation Nashville,Lucien J.B. Daigle,R - Fort Kent,Lucien.Daigle@legislature.maine.gov,(207) 631-8082,Health and Human Services
1,New Canada,Lucien J.B. Daigle,R - Fort Kent,Lucien.Daigle@legislature.maine.gov,(207) 631-8082,Health and Human Services
104,New Gloucester,Amy Bradstreet Arata,R - New Gloucester,Amy.Arata@legislature.maine.gov,(207) 333-1817,Appropriations and Financial Affairs
7,New Limerick,Gregory Lewis Swallow,R - Houlton,Gregory.Swallow@legislature.maine.gov,(207) 521-7416,Taxation
74,New Portland,Randall C. Hall,R - Wilton,Randall.Hall@legislature.maine.gov,(207) 860-8431,Legislative Service:
58,New Sharon,Sharon C. Frost,U - Belgrade,Sharon.Frost@legislature.maine.gov,(207) 242-6079,"Agriculture, Conservation and Forestry; Veterans and Legal Affairs"
3,New Sweden,Mark Michael Babin,R - Fort Fairfield,Mark.Babin@legislature.maine.gov,(207) 227-0198,Judiciary
74,New Vineyard,Randall C. Hall,R - Wilton,Randall.Hall@legislature.maine.gov,(207) 860-8431,Legislative Service:
36,Newburgh,Kimberly M. Haggan,R - Hampden,Kimberly.Haggan@legislature.maine.gov,(207) 735-7333,Education and Cultural Affairs
46,Newcastle,Lydia V. Crafts,D - Newcastle,Lydia.Crafts@legislature.maine.gov,(207) 593-2664,Elections - Chair; Transportation - Chair
141,Newfield,Lucas John Lanigan,R - Sanford,Lucas.Lanigan@legislature.maine.gov,(207) 351-5383,Legislative Service:
33,Newport,Kenneth Wade Fredette,R - Newport,Kenneth.Fredette@legislature.maine.gov,(207) 287-1440,Appropriations and Financial Affairs
73,Newry,Michael Soboleski,R - Phillips,Michael.Soboleski@legislature.maine.gov,(207) 400-7233,Environment and Natural Resources; Labor
46,Nobleboro,Lydia V. Crafts,D - Newcastle,Lydia.Crafts@legislature.maine.gov,(207) 593-2664,Elections - Chair; Transportation - Chair
71,Norridgewock,"John ""Jack"" E. Ducharme",R - Madison,Jack.Ducharme@legislature.maine.gov,(207) 431-0775,Appropriations and Financial Affairs - Ranking Member
148,North Berwick (Part),Thomas A. Lavigne,R - Berwick,Thomas.Lavigne@legislature.maine.gov,(603) 842-0814,Taxation
149,North Berwick (Part),Tiffany Roberts,D - South Berwick,Tiffany.Roberts@legislature.maine.gov,(207) 210-3287,Housing and Economic Development; Inland Fisheries and Wildlife - Chair
73,unorganized territory of North Franklin,Michael Soboleski,R - Phillips,Michael.Soboleski@legislature.maine.gov,(207) 400-7233,Environment and Natural Resources; Labor
42,North Haven,Valli D. Geiger,D - Rockland,Valli.Geiger@legislature.maine.gov,(207) 956-1565,"Energy, Utilities and Technology; Labor"
73,unorganized territory of North Oxford,Michael Soboleski,R - Phillips,Michael.Soboleski@legislature.maine.gov,(207) 400-7233,Environment and Natural Resources; Labor
28,unorganized territory of North Penobscot,Irene A. Gifford,R - Lincoln,Irene.Gifford@legislature.maine.gov,(207) 290-5087,Engrossed Bills; Marine Resources
29,North Penobscot,Kathy Irene Javner,R - Chester,Kathy.Javner@legislature.maine.gov,(207) 290-1321,Health and Human Services - Ranking Member
8,unorganized territory of North Washington (Part),Tracy L. Quint,R - Hodgdon,Tracy.Quint@legislature.maine.gov,(207) 217-4493,Taxation
10,unorganized territory of North Washington (Part),William R. Tuell,R - East Machias,William.tuell@legislature.maine.gov,(207) 271-8521,State and Local Government
11,North Washington (Part),Tiffany Strout,R - Harrington,Tiffany.Strout@legislature.maine.gov,(207) 598-7043,Marine Resources
18,North Washington (Part),Mathew David McIntyre,R - Lowell,Mathew.McIntyre@legislature.maine.gov,(207) 680-0678,"Engrossed Bills - Ranking Member; Criminal Justice and Public Safety; Energy, Utilities and Technology"
105,North Yarmouth,Anne P. Graham,D - North Yarmouth,Anne.Graham@legislature.maine.gov,(207) 370-4414,Health and Human Services; Veterans and Legal Affairs
30,unorganized territory of Northeast Piscataquis,James Lee White,R - Guilford,James.White@legislature.maine.gov,(207) 564-7308,Transportation
72,unorganized territory of Northeast Somerset,Elizabeth M. Caruso,R - Caratunk,Elizabeth.Caruso@legislature.maine.gov,(207) 399-9992,Leaves of Absence; Judiciary
10,Northfield,William R. Tuell,R - East Machias,William.tuell@legislature.maine.gov,(207) 271-8521,State and Local Government
39,Northport,Janice S. Dodge,D - Belfast,Jan.Dodge@legislature.maine.gov,(207) 338-1626,Education and Cultural Affairs
1,unorganized territory of Northwest Aroostook,Lucien J.B. Daigle,R - Fort Kent,Lucien.Daigle@legislature.maine.gov,(207) 631-8082,Health and Human Services
18,unorganized territory of Northwest Hancock,Mathew David McIntyre,R - Lowell,Mathew.McIntyre@legislature.maine.gov,(207) 680-0678,"Engrossed Bills - Ranking Member; Criminal Justice and Public Safety; Energy, Utilities and Technology"
30,unorganized territory of Northwest Piscataquis,James Lee White,R - Guilford,James.White@legislature.maine.gov,(207) 564-7308,Transportation
73,unorganized territory of Northwest Somerset,Michael Soboleski,R - Phillips,Michael.Soboleski@legislature.maine.gov,(207) 400-7233,Environment and Natural Resources; Labor
81,Norway,Peter Conley Wood,R - Norway,Peter.Wood@legislature.maine.gov,(207) 890-3324,Marine Resources
7,Oakfield,Gregory Lewis Swallow,R - Houlton,Gregory.Swallow@legislature.maine.gov,(207) 521-7416,Taxation
66,Oakland,Robert W. Nutting,R - Oakland,Robert.Nutting@legislature.maine.gov,(207) 629-7035,Ethics; Criminal Justice and Public Safety - Ranking Member
146,Ogunquit,Walter Gerard Runte,D - York,Gerry.Runte@legislature.maine.gov,(207) 361-7143,"Leaves of Absence; Energy, Utilities and Technology"
131,Old Orchard Beach,Lori K. Gramlich,D - Old Orchard Beach,Lori.Gramlich@legislature.maine.gov,(207) 287-1430,Engrossed Bills
26,Old Town,James F. Dill,D - Old Town,James.Dill@legislature.maine.gov,(207) 827-3498,"Elections; Agriculture, Conservation and Forestry; Inland Fisheries and Wildlife"
8,Orient,Tracy L. Quint,R - Hodgdon,Tracy.Quint@legislature.maine.gov,(207) 217-4493,Taxation
17,Orland,Steven M. Bishop,R - Bucksport,Steven.Bishop@legislature.maine.gov,(207) 991-7909,Transportation
31,unorganized territory of Orneville Township,Chad R. Perkins,R - Dover-Foxcroft,Chad.Perkins@legislature.maine.gov,(207) 279-0927,Criminal Justice and Public Safety; Government Oversight Committee
24,Orono (Part),Sean Faircloth,D - Bangor,Sean.Faircloth@legislature.maine.gov,(207) 307-9868,Veterans and Legal Affairs
25,Orono (Part),Laurie Osher,D - Orono,Laurie.Osher@legislature.maine.gov,(207) 944-6743,Environment and Natural Resources
19,Orrington,Richard H. Campbell,R - Orrington,Richard.Campbell@legislature.maine.gov,(207) 745-7748,Ethics; Rules and Business of the House - Ranking Member; Environment and Natural Resources - Ranking Member
18,Osborn,Mathew David McIntyre,R - Lowell,Mathew.McIntyre@legislature.maine.gov,(207) 680-0678,"Engrossed Bills - Ranking Member; Criminal Justice and Public Safety; Energy, Utilities and Technology"
18,Otis,Mathew David McIntyre,R - Lowell,Mathew.McIntyre@legislature.maine.gov,(207) 680-0678,"Engrossed Bills - Ranking Member; Criminal Justice and Public Safety; Energy, Utilities and Technology"
80,Otisfield,Caldwell Jackson,R - Oxford,Caldwell.Jackson@legislature.maine.gov,(207) 272-8543,"Agriculture, Conservation and Forestry"
42,Owls Head (Part),Valli D. Geiger,D - Rockland,Valli.Geiger@legislature.maine.gov,(207) 956-1565,"Energy, Utilities and Technology; Labor"
43,Owls Head (Part),Ann Higgins Matlack,D - St. George,Ann.Matlack@legislature.maine.gov,(207) 691-1474,Government Oversight Committee; State and Local Government; Taxation
6,plantation Oxbow North Township,Donald J. Ardell,R - Monticello,Donald.Ardell@legislature.maine.gov,(207) 521-1130,Engrossed Bills; Criminal Justice and Public Safety
80,Oxford,Caldwell Jackson,R - Oxford,Caldwell.Jackson@legislature.maine.gov,(207) 272-8543,"Agriculture, Conservation and Forestry"
62,Palermo,Katrina J. Smith,R - Palermo,Katrina.Smith@legislature.maine.gov,(207) 230-9583,Ethics; Rules and Business of the House; Joint Select Committee on Joint Rules
69,Palmyra,Dean A. Cray,R - Palmyra,dean.cray@legislature.maine.gov,(207) 478-8279,"Bills in the Second Reading; Agriculture, Conservation and Forestry"
79,Paris,Michael J. Lance,R - Paris,Michael.Lance@legislature.maine.gov,(207) 577-1022,Inland Fisheries and Wildlife
30,Parkman,James Lee White,R - Guilford,James.White@legislature.maine.gov,(207) 564-7308,Transportation
139,Parsonsfield,David C. Woodsome,R - Waterboro,David.Woodsome@legislature.maine.gov,(207) 432-5643,Leaves of Absence - Ranking Member; Environment and Natural Resources; Inland Fisheries and Wildlife
18,Passadumkeag,Mathew David McIntyre,R - Lowell,Mathew.McIntyre@legislature.maine.gov,(207) 680-0678,"Engrossed Bills - Ranking Member; Criminal Justice and Public Safety; Energy, Utilities and Technology"
9,township Passamaquoddy Indian Township,Arthur Kevin Mingo,R - Calais,Arthur.Mingo@legislature.maine.gov,(207) 214-8537,Housing and Economic Development
9,Passamaquoddy Pleasant Point,Arthur Kevin Mingo,R - Calais,Arthur.Mingo@legislature.maine.gov,(207) 214-8537,Housing and Economic Development
29,Patten,Kathy Irene Javner,R - Chester,Kathy.Javner@legislature.maine.gov,(207) 290-1321,Health and Human Services - Ranking Member
119,Peaks Island,Charles A. Skold,D - Portland,Charles.Skold@legislature.maine.gov,(207) 329-3838,Labor
10,Pembroke,William R. Tuell,R - East Machias,William.tuell@legislature.maine.gov,(207) 271-8521,State and Local Government
17,Penobscot,Steven M. Bishop,R - Bucksport,Steven.Bishop@legislature.maine.gov,(207) 991-7909,Transportation
26,Penobscot Indian Island,James F. Dill,D - Old Town,James.Dill@legislature.maine.gov,(207) 827-3498,"Elections; Agriculture, Conservation and Forestry; Inland Fisheries and Wildlife"
26,Penobscot Nation Voting District,James F. Dill,D - Old Town,James.Dill@legislature.maine.gov,(207) 827-3498,"Elections; Agriculture, Conservation and Forestry; Inland Fisheries and Wildlife"
2,Perham,Roger Clarence Albert,R - Madawaska,Roger.Albert@legislature.maine.gov,(207) 436-9156,Transportation
52,unorganized territory of Perkins Island Township,Sally Jeane Cluchey,D - Bowdoinham,Sally.Cluchey@legislature.maine.gov,(207) 814-8879,"Health Coverage, Insurance and Financial Services; Inland Fisheries and Wildlife"
9,Perry,Arthur Kevin Mingo,R - Calais,Arthur.Mingo@legislature.maine.gov,(207) 214-8537,Housing and Economic Development
77,Peru,Tammy L. Schmersal-Burgess,R - Mexico,Tammy.Schmersal-Burgess@legislature.maine.gov,(207) 357-7179,Environment and Natural Resources
73,Phillips,Michael Soboleski,R - Phillips,Michael.Soboleski@legislature.maine.gov,(207) 400-7233,Environment and Natural Resources; Labor
49,Phippsburg,Allison Hepler,D - Woolwich,Allison.Hepler@legislature.maine.gov,(207) 319-4396,"Agriculture, Conservation and Forestry; Marine Resources - Chair"
68,Pittsfield,Amanda N. Collamore,R - Pittsfield,Amanda.Collamore@legislature.maine.gov,(207) 679-7305,Ethics - Ranking Member; Housing and Economic Development - Ranking Member
53,Pittston,Michael H. Lemelin,R - Chelsea,Michael.Lemelin@legislature.maine.gov,(207) 798-9399,Government Oversight Committee - Ranking Member; Health and Human Services
72,plantation Pleasant Ridge,Elizabeth M. Caruso,R - Caratunk,Elizabeth.Caruso@legislature.maine.gov,(207) 399-9992,Leaves of Absence; Judiciary
33,Plymouth,Kenneth Wade Fredette,R - Newport,Kenneth.Fredette@legislature.maine.gov,(207) 287-1440,Appropriations and Financial Affairs
86,Poland (Part),Rolf A. Olsen,R - Raymond,Rolf.Olsen@legislature.maine.gov,(207) 632-1530,"Health Coverage, Insurance and Financial Services"
87,Poland (Part),David W. Boyer,R - Poland,David.Boyer@legislature.maine.gov,(207) 274-4633,Elections; Veterans and Legal Affairs - Ranking Member
1,Portage Lake,Lucien J.B. Daigle,R - Fort Kent,Lucien.Daigle@legislature.maine.gov,(207) 631-8082,Health and Human Services
82,Porter,Nathan J. Wadsworth,R - Hiram,Nathan.Wadsworth@legislature.maine.gov,(207) 838-7451,"Bills in the Second Reading; Energy, Utilities and Technology"
112,Portland (Part),W. Edward Crockett,D - Portland,Ed.Crockett@legislature.maine.gov,(207) 797-8371,Elections; Education and Cultural Affairs; Taxation
113,Portland (Part),Grayson B. Lookner,D - Portland,Grayson.Lookner@legislature.maine.gov,(207) 200-3860,Criminal Justice and Public Safety
114,Portland (Part),Dylan R. Pugh,D - Portland,Dylan.Pugh@legislature.maine.gov,(207) 200-7791,Judiciary
115,Portland (Part),Michael F. Brennan,D - Portland,Michael.Brennan@legislature.maine.gov,(207) 939-6462,Appropriations and Financial Affairs; Education and Cultural Affairs
116,Portland (Part),Samuel Lewis Zager,D - Portland,Sam.Zager@legislature.maine.gov,(207) 400-6846,Health and Human Services
117,Portland (Part),Matt Moonen,D - Portland,Matt.Moonen@legislature.maine.gov,(207) 287-1430,Rules and Business of the House; Joint Select Committee on Joint Rules - Chair
118,Portland (Part),Yusuf M. Yusuf,D - Portland,Yusuf.Yusuf@legislature.maine.gov,(207) 415-3438,Housing and Economic Development
119,Portland (Part),Charles A. Skold,D - Portland,Charles.Skold@legislature.maine.gov,(207) 329-3838,Labor
98,Pownal,Kilton M. Webb,D - Durham,Kilton.Webb@legislature.maine.gov,(207) 458-0172,"Energy, Utilities and Technology"
8,unorganized territory of Prentiss Township,Tracy L. Quint,R - Hodgdon,Tracy.Quint@legislature.maine.gov,(207) 217-4493,Taxation
5,Presque Isle,Joseph F. Underwood,R - Presque Isle,Joseph.Underwood@legislature.maine.gov,(207) 762-4921,State and Local Government
10,Princeton,William R. Tuell,R - East Machias,William.tuell@legislature.maine.gov,(207) 271-8521,State and Local Government
37,Prospect,Reagan L. Paul,R - Winterport,Reagan.Paul@legislature.maine.gov,(207) 944-8033,"Elections; Energy, Utilities and Technology"
53,Randolph,Michael H. Lemelin,R - Chelsea,Michael.Lemelin@legislature.maine.gov,(207) 798-9399,Government Oversight Committee - Ranking Member; Health and Human Services
73,Rangeley,Michael Soboleski,R - Phillips,Michael.Soboleski@legislature.maine.gov,(207) 400-7233,Environment and Natural Resources; Labor
73,plantation Rangeley,Michael Soboleski,R - Phillips,Michael.Soboleski@legislature.maine.gov,(207) 400-7233,Environment and Natural Resources; Labor
86,Raymond,Rolf A. Olsen,R - Raymond,Rolf.Olsen@legislature.maine.gov,(207) 632-1530,"Health Coverage, Insurance and Financial Services"
57,Readfield,Tavis Rock Hasenfus,D - Readfield,Tavis.Hasenfus@legislature.maine.gov,(207) 446-0016,Ethics; Criminal Justice and Public Safety - Chair
8,plantation Reed,Tracy L. Quint,R - Hodgdon,Tracy.Quint@legislature.maine.gov,(207) 217-4493,Taxation
52,Richmond,Sally Jeane Cluchey,D - Bowdoinham,Sally.Cluchey@legislature.maine.gov,(207) 814-8879,"Health Coverage, Insurance and Financial Services; Inland Fisheries and Wildlife"
72,Ripley,Elizabeth M. Caruso,R - Caratunk,Elizabeth.Caruso@legislature.maine.gov,(207) 399-9992,Leaves of Absence; Judiciary
9,Robbinston,Arthur Kevin Mingo,R - Calais,Arthur.Mingo@legislature.maine.gov,(207) 214-8537,Housing and Economic Development
42,Rockland,Valli D. Geiger,D - Rockland,Valli.Geiger@legislature.maine.gov,(207) 956-1565,"Energy, Utilities and Technology; Labor"
41,Rockport,Victoria W. Doudera,D - Camden,Vicki.Doudera@legislature.maine.gov,(207) 542-1990,Environment and Natural Resources - Chair
72,Rockwood Strip T1,Elizabeth M. Caruso,R - Caratunk,Elizabeth.Caruso@legislature.maine.gov,(207) 399-9992,Leaves of Absence; Judiciary
58,Rome,Sharon C. Frost,U - Belgrade,Sharon.Frost@legislature.maine.gov,(207) 242-6079,"Agriculture, Conservation and Forestry; Veterans and Legal Affairs"
11,Roque Bluffs,Tiffany Strout,R - Harrington,Tiffany.Strout@legislature.maine.gov,(207) 598-7043,Marine Resources
78,Roxbury,Rachel A. Henderson,R - Rumford,Rachel.Henderson@legislature.maine.gov,(207) 381-4237,Judiciary
78,Rumford,Rachel A. Henderson,R - Rumford,Rachel.Henderson@legislature.maine.gov,(207) 381-4237,Judiciary
92,Sabattus,Stephen J. Wood,R - Greene,Stephen.Wood@legislature.maine.gov,(207) 740-3723,Engrossed Bills; Inland Fisheries and Wildlife
126,Saco (Part),Drew Gattine,D - Westbrook,Andrew.Gattine@legislature.maine.gov,(207) 409-3477,Appropriations and Financial Affairs - Chair
129,Saco (Part),Marshall F. Archer,D - Saco,Marshall.Archer@legislature.maine.gov,(207) 653-2173,Labor
130,Saco (Part),Lynn Holland Copeland,D - Saco,Lynn.Copeland@legislature.maine.gov,(207) 712-6776,State and Local Government
18,unorganized territory of Sakon Township,Mathew David McIntyre,R - Lowell,Mathew.McIntyre@legislature.maine.gov,(207) 680-0678,"Engrossed Bills - Ranking Member; Criminal Justice and Public Safety; Energy, Utilities and Technology"
73,unorganized territory of Salem Township,Michael Soboleski,R - Phillips,Michael.Soboleski@legislature.maine.gov,(207) 400-7233,Environment and Natural Resources; Labor
73,plantation Sandy River,Michael Soboleski,R - Phillips,Michael.Soboleski@legislature.maine.gov,(207) 400-7233,Environment and Natural Resources; Labor
141,Sanford (Part),Lucas John Lanigan,R - Sanford,Lucas.Lanigan@legislature.maine.gov,(207) 351-5383,Legislative Service:
142,Sanford (Part),Anne-Marie Mastraccio,D - Sanford,Anne-Marie.Mastraccio@legislature.maine.gov,(207) 432-1453,"Government Oversight Committee - Chair; Health Coverage, Insurance and Financial Services"
143,Sanford (Part),Ann Fredericks,R - Sanford,Ann.Fredericks@legislature.maine.gov,(207) 401-4141,Leaves of Absence; Veterans and Legal Affairs
30,Sangerville,James Lee White,R - Guilford,James.White@legislature.maine.gov,(207) 564-7308,Transportation
124,Scarborough (Part),Sophia B. Warren,D - Scarborough,Sophia.Warren@legislature.maine.gov,(207) 450-0765,"Energy, Utilities and Technology"
125,Scarborough (Part),Kelly Noonan Murphy,D - Scarborough,Kelly.Murphy@legislature.maine.gov,(207) 318-3215,Bills in the Second Reading; Education and Cultural Affairs - Chair
126,Scarborough (Part),Drew Gattine,D - Westbrook,Andrew.Gattine@legislature.maine.gov,(207) 409-3477,Appropriations and Financial Affairs - Chair
40,Searsmont,D. Michael Ray,D - Lincolnville,Michael.Ray@legislature.maine.gov,(207) 930-0371,Transportation
37,Searsport,Reagan L. Paul,R - Winterport,Reagan.Paul@legislature.maine.gov,(207) 944-8033,"Elections; Energy, Utilities and Technology"
84,Sebago,Mark Walker,R - Naples,Mark.Walker@legislature.maine.gov,(207) 272-2728,Housing and Economic Development
30,Sebec,James Lee White,R - Guilford,James.White@legislature.maine.gov,(207) 564-7308,Transportation
28,plantation Seboeis,Irene A. Gifford,R - Lincoln,Irene.Gifford@legislature.maine.gov,(207) 290-5087,Engrossed Bills; Marine Resources
72,unorganized territory of Seboomook Lake,Elizabeth M. Caruso,R - Caratunk,Elizabeth.Caruso@legislature.maine.gov,(207) 399-9992,Leaves of Absence; Judiciary
16,Sedgwick,Nina Azella Milliken,D - Blue Hill,Nina.Milliken@legislature.maine.gov,(207) 412-8828,Elections; Criminal Justice and Public Safety
141,Shapleigh,Lucas John Lanigan,R - Sanford,Lucas.Lanigan@legislature.maine.gov,(207) 351-5383,Legislative Service:
8,Sherman,Tracy L. Quint,R - Hodgdon,Tracy.Quint@legislature.maine.gov,(207) 217-4493,Taxation
30,Shirley,James Lee White,R - Guilford,James.White@legislature.maine.gov,(207) 564-7308,Transportation
61,Sidney (Part),Alicia Collins,R - Sidney,Alicia.Collins@legislature.maine.gov,(207) 751-4736,Leaves of Absence; Labor
66,Sidney (Part),Robert W. Nutting,R - Oakland,Robert.Nutting@legislature.maine.gov,(207) 629-7035,Ethics; Criminal Justice and Public Safety - Ranking Member
8,unorganized territory of Silver Ridge Township,Tracy L. Quint,R - Hodgdon,Tracy.Quint@legislature.maine.gov,(207) 217-4493,Taxation
70,Skowhegan,Jennifer L. Poirier,R - Skowhegan,Jennifer.Poirier@legislature.maine.gov,(207) 399-9784,Judiciary - Ranking Member
66,Smithfield,Robert W. Nutting,R - Oakland,Robert.Nutting@legislature.maine.gov,(207) 629-7035,Ethics; Criminal Justice and Public Safety - Ranking Member
6,Smyrna,Donald J. Ardell,R - Monticello,Donald.Ardell@legislature.maine.gov,(207) 521-1130,Engrossed Bills; Criminal Justice and Public Safety
72,Solon,Elizabeth M. Caruso,R - Caratunk,Elizabeth.Caruso@legislature.maine.gov,(207) 399-9992,Leaves of Absence; Judiciary
62,Somerville,Katrina J. Smith,R - Palermo,Katrina.Smith@legislature.maine.gov,(207) 230-9583,Ethics; Rules and Business of the House; Joint Select Committee on Joint Rules
12,Sorrento,Billy Bob Faulkingham,R - Winter Harbor,William.Faulkingham@legislature.maine.gov,(207) 460-6967,Joint Select Committee on Joint Rules - Ranking Member
8,unorganized territory of South Aroostook,Tracy L. Quint,R - Hodgdon,Tracy.Quint@legislature.maine.gov,(207) 217-4493,Taxation
149,South Berwick (Part),Tiffany Roberts,D - South Berwick,Tiffany.Roberts@legislature.maine.gov,(207) 210-3287,Housing and Economic Development; Inland Fisheries and Wildlife - Chair
150,South Berwick (Part),Michele Meyer,D - Eliot,Michele.Meyer@legislature.maine.gov,(207) 438-9197,Health and Human Services - Chair
48,South Bristol,Holly B. Stover,D - Boothbay,Holly.Stover@legislature.maine.gov,(207) 633-5979,Ethics; Appropriations and Financial Affairs
74,South Franklin,Randall C. Hall,R - Wilton,Randall.Hall@legislature.maine.gov,(207) 860-8431,Legislative Service:
81,unorganized territory of South Oxford,Peter Conley Wood,R - Norway,Peter.Wood@legislature.maine.gov,(207) 890-3324,Marine Resources
120,South Portland (Part),Deqa Dhalac,D - South Portland,Deqa.Dhalac@legislature.maine.gov,(207) 553-0303,Appropriations and Financial Affairs
121,South Portland (Part),Christopher J. Kessler,D - South Portland,Christopher.Kessler@legislature.maine.gov,(207) 956-0882,"Bills in the Second Reading; Energy, Utilities and Technology"
122,South Portland (Part),Matthew D. Beck,D - South Portland,Matthew.Beck@legislature.maine.gov,(207) 799-4025,Labor
43,South Thomaston,Ann Higgins Matlack,D - St. George,Ann.Matlack@legislature.maine.gov,(207) 691-1474,Government Oversight Committee; State and Local Government; Taxation
31,Southeast Piscataquis,Chad R. Perkins,R - Dover-Foxcroft,Chad.Perkins@legislature.maine.gov,(207) 279-0927,Criminal Justice and Public Safety; Government Oversight Committee
48,Southport,Holly B. Stover,D - Boothbay,Holly.Stover@legislature.maine.gov,(207) 633-5979,Ethics; Appropriations and Financial Affairs
15,Southwest Habor,Holly Rae Eaton,D - Deer Isle,Holly.Eaton@legislature.maine.gov,(207) 610-9281,Marine Resources; Transportation
8,Springfield,Tracy L. Quint,R - Hodgdon,Tracy.Quint@legislature.maine.gov,(207) 217-4493,Taxation
141,Springvale (Part),Lucas John Lanigan,R - Sanford,Lucas.Lanigan@legislature.maine.gov,(207) 351-5383,Legislative Service:
142,Springvale (Part),Anne-Marie Mastraccio,D - Sanford,Anne-Marie.Mastraccio@legislature.maine.gov,(207) 432-1453,"Government Oversight Committee - Chair; Health Coverage, Insurance and Financial Services"
2,unorganized territory of Square Lake,Roger Clarence Albert,R - Madawaska,Roger.Albert@legislature.maine.gov,(207) 436-9156,Transportation
2,St. Agatha,Roger Clarence Albert,R - Madawaska,Roger.Albert@legislature.maine.gov,(207) 436-9156,Transportation
69,St. Albans,Dean A. Cray,R - Palmyra,dean.cray@legislature.maine.gov,(207) 478-8279,"Bills in the Second Reading; Agriculture, Conservation and Forestry"
1,St. Francis,Lucien J.B. Daigle,R - Fort Kent,Lucien.Daigle@legislature.maine.gov,(207) 631-8082,Health and Human Services
43,St. George,Ann Higgins Matlack,D - St. George,Ann.Matlack@legislature.maine.gov,(207) 691-1474,Government Oversight Committee; State and Local Government; Taxation
1,plantation St. John,Lucien J.B. Daigle,R - Fort Kent,Lucien.Daigle@legislature.maine.gov,(207) 631-8082,Health and Human Services
8,Stacyville,Tracy L. Quint,R - Hodgdon,Tracy.Quint@legislature.maine.gov,(207) 217-4493,Taxation
84,Standish (Part),Mark Walker,R - Naples,Mark.Walker@legislature.maine.gov,(207) 272-2728,Housing and Economic Development
85,Standish (Part),Kimberly J. Pomerleau,R - Standish,Kimberly.Pomerleau@legislature.maine.gov,(207) 332-2555,Elections; State and Local Government
66,Starks,Robert W. Nutting,R - Oakland,Robert.Nutting@legislature.maine.gov,(207) 629-7035,Ethics; Criminal Justice and Public Safety - Ranking Member
32,Stetson,Steven D. Foster,R - Dexter,Steven.Foster@legislature.maine.gov,(207) 924-4409,"Energy, Utilities and Technology - Ranking Member"
12,Steuben,Billy Bob Faulkingham,R - Winter Harbor,William.Faulkingham@legislature.maine.gov,(207) 460-6967,Joint Select Committee on Joint Rules - Ranking Member
3,Stockholm,Mark Michael Babin,R - Fort Fairfield,Mark.Babin@legislature.maine.gov,(207) 227-0198,Judiciary
37,Stockton Springs,Reagan L. Paul,R - Winterport,Reagan.Paul@legislature.maine.gov,(207) 944-8033,"Elections; Energy, Utilities and Technology"
81,Stoneham,Peter Conley Wood,R - Norway,Peter.Wood@legislature.maine.gov,(207) 890-3324,Marine Resources
15,Stonington,Holly Rae Eaton,D - Deer Isle,Holly.Eaton@legislature.maine.gov,(207) 610-9281,Marine Resources; Transportation
81,Stow,Peter Conley Wood,R - Norway,Peter.Wood@legislature.maine.gov,(207) 890-3324,Marine Resources
74,Strong,Randall C. Hall,R - Wilton,Randall.Hall@legislature.maine.gov,(207) 860-8431,Legislative Service:
12,Sullivan,Billy Bob Faulkingham,R - Winter Harbor,William.Faulkingham@legislature.maine.gov,(207) 460-6967,Joint Select Committee on Joint Rules - Ranking Member
18,unorganized territory of Summit Townships,Mathew David McIntyre,R - Lowell,Mathew.McIntyre@legislature.maine.gov,(207) 680-0678,"Engrossed Bills - Ranking Member; Criminal Justice and Public Safety; Energy, Utilities and Technology"
79,Sumner,Michael J. Lance,R - Paris,Michael.Lance@legislature.maine.gov,(207) 577-1022,Inland Fisheries and Wildlife
16,Surry,Nina Azella Milliken,D - Blue Hill,Nina.Milliken@legislature.maine.gov,(207) 412-8828,Elections; Criminal Justice and Public Safety
15,Swan's Island,Holly Rae Eaton,D - Deer Isle,Holly.Eaton@legislature.maine.gov,(207) 610-9281,Marine Resources; Transportation
38,Swanville,Benjamin C. Hymes,R - Waldo,Benjamin.Hymes@legislature.maine.gov,(207) 808-3413,Veterans and Legal Affairs
81,Sweden,Peter Conley Wood,R - Norway,Peter.Wood@legislature.maine.gov,(207) 890-3324,Marine Resources
18,township T10 SD TWP (Milbrodge),Mathew David McIntyre,R - Lowell,Mathew.McIntyre@legislature.maine.gov,(207) 680-0678,"Engrossed Bills - Ranking Member; Criminal Justice and Public Safety; Energy, Utilities and Technology"
6,township T11 R4 WELS,Donald J. Ardell,R - Monticello,Donald.Ardell@legislature.maine.gov,(207) 521-1130,Engrossed Bills; Criminal Justice and Public Safety
2,unorganized territory of T15 R6 WELS Township,Roger Clarence Albert,R - Madawaska,Roger.Albert@legislature.maine.gov,(207) 436-9156,Transportation
18,township T22 MD TWP,Mathew David McIntyre,R - Lowell,Mathew.McIntyre@legislature.maine.gov,(207) 680-0678,"Engrossed Bills - Ranking Member; Criminal Justice and Public Safety; Energy, Utilities and Technology"
18,township T3 ND TWP,Mathew David McIntyre,R - Lowell,Mathew.McIntyre@legislature.maine.gov,(207) 680-0678,"Engrossed Bills - Ranking Member; Criminal Justice and Public Safety; Energy, Utilities and Technology"
6,township T7 R5 WELS,Donald J. Ardell,R - Monticello,Donald.Ardell@legislature.maine.gov,(207) 521-1130,Engrossed Bills; Criminal Justice and Public Safety
18,township T7 SD TWP,Mathew David McIntyre,R - Lowell,Mathew.McIntyre@legislature.maine.gov,(207) 680-0678,"Engrossed Bills - Ranking Member; Criminal Justice and Public Safety; Energy, Utilities and Technology"
18,township T9 SD TWP,Mathew David McIntyre,R - Lowell,Mathew.McIntyre@legislature.maine.gov,(207) 680-0678,"Engrossed Bills - Ranking Member; Criminal Justice and Public Safety; Energy, Utilities and Technology"
8,Talmadge,Tracy L. Quint,R - Hodgdon,Tracy.Quint@legislature.maine.gov,(207) 217-4493,Taxation
6,township TD R2 WELS,Donald J. Ardell,R - Monticello,Donald.Ardell@legislature.maine.gov,(207) 521-1130,Engrossed Bills; Criminal Justice and Public Safety
74,Temple,Randall C. Hall,R - Wilton,Randall.Hall@legislature.maine.gov,(207) 860-8431,Legislative Service:
73,plantation The Forks,Michael Soboleski,R - Phillips,Michael.Soboleski@legislature.maine.gov,(207) 400-7233,Environment and Natural Resources; Labor
43,Thomaston,Ann Higgins Matlack,D - St. George,Ann.Matlack@legislature.maine.gov,(207) 691-1474,Government Oversight Committee; State and Local Government; Taxation
38,Thorndike,Benjamin C. Hymes,R - Waldo,Benjamin.Hymes@legislature.maine.gov,(207) 808-3413,Veterans and Legal Affairs
8,Topsfield,Tracy L. Quint,R - Hodgdon,Tracy.Quint@legislature.maine.gov,(207) 217-4493,Taxation
51,Topsham (Part),Rafael Leo Macias,D - Topsham,Rafael.Macias@legislature.maine.gov,(207) 891-1084,Labor
98,Topsham (Part),Kilton M. Webb,D - Durham,Kilton.Webb@legislature.maine.gov,(207) 458-0172,"Energy, Utilities and Technology"
15,Tremont,Holly Rae Eaton,D - Deer Isle,Holly.Eaton@legislature.maine.gov,(207) 610-9281,Marine Resources; Transportation
16,Trenton,Nina Azella Milliken,D - Blue Hill,Nina.Milliken@legislature.maine.gov,(207) 412-8828,Elections; Criminal Justice and Public Safety
68,Troy,Amanda N. Collamore,R - Pittsfield,Amanda.Collamore@legislature.maine.gov,(207) 679-7305,Ethics - Ranking Member; Housing and Economic Development - Ranking Member
91,Turner,Joshua K. Morris,R - Turner,Joshua.Morris@legislature.maine.gov,(207) 754-7829,"Elections - Ranking Member; Health Coverage, Insurance and Financial Services"
8,unorganized territory of Twombly Ridge Township,Tracy L. Quint,R - Hodgdon,Tracy.Quint@legislature.maine.gov,(207) 217-4493,Taxation
44,Union,William D. Pluecker,I - Warren,Bill.Pluecker@legislature.maine.gov,(207) 273-3044,"Engrossed Bills; Agriculture, Conservation and Forestry - Chair"
38,Unity,Benjamin C. Hymes,R - Waldo,Benjamin.Hymes@legislature.maine.gov,(207) 808-3413,Veterans and Legal Affairs
63,unorganized territory of Unity Township,Paul R. Flynn,R - Albion,Paul.Flynn@legislature.maine.gov,(207) 314-5525,"Health Coverage, Insurance and Financial Services"
73,Upton,Michael Soboleski,R - Phillips,Michael.Soboleski@legislature.maine.gov,(207) 400-7233,Environment and Natural Resources; Labor
2,Van Buren,Roger Clarence Albert,R - Madawaska,Roger.Albert@legislature.maine.gov,(207) 436-9156,Transportation
8,Vanceboro,Tracy L. Quint,R - Hodgdon,Tracy.Quint@legislature.maine.gov,(207) 217-4493,Taxation
61,Vassalboro,Alicia Collins,R - Sidney,Alicia.Collins@legislature.maine.gov,(207) 751-4736,Leaves of Absence; Labor
24,Veazie,Sean Faircloth,D - Bangor,Sean.Faircloth@legislature.maine.gov,(207) 307-9868,Veterans and Legal Affairs
17,Verona Island,Steven M. Bishop,R - Bucksport,Steven.Bishop@legislature.maine.gov,(207) 991-7909,Transportation
58,Vienna,Sharon C. Frost,U - Belgrade,Sharon.Frost@legislature.maine.gov,(207) 242-6079,"Agriculture, Conservation and Forestry; Veterans and Legal Affairs"
15,Vinalhaven,Holly Rae Eaton,D - Deer Isle,Holly.Eaton@legislature.maine.gov,(207) 610-9281,Marine Resources; Transportation
4,Wade,Timothy C. Guerrette,R - Caribou,Timothy.Guerrette@legislature.maine.gov,(207) 227-3577,"Agriculture, Conservation and Forestry - Ranking Member"
8,Waite,Tracy L. Quint,R - Hodgdon,Tracy.Quint@legislature.maine.gov,(207) 217-4493,Taxation
38,Waldo,Benjamin C. Hymes,R - Waldo,Benjamin.Hymes@legislature.maine.gov,(207) 808-3413,Veterans and Legal Affairs
45,Waldoboro,Abden S. Simmons,R - Waldoboro,Abden.Simmons@legislature.maine.gov,(207) 446-4518,Marine Resources
56,Wales,Randall Adam Greenwood,R - Wales,Randall.Greenwood@legislature.maine.gov,(207) 754-6604,State and Local Government - Ranking Member
1,Wallagrass,Lucien J.B. Daigle,R - Fort Kent,Lucien.Daigle@legislature.maine.gov,(207) 631-8082,Health and Human Services
13,Waltham,Russell P. White,R - Ellsworth,Russell.White@legislature.maine.gov,(207) 460-6359,Taxation
44,Warren,William D. Pluecker,I - Warren,Bill.Pluecker@legislature.maine.gov,(207) 273-3044,"Engrossed Bills; Agriculture, Conservation and Forestry - Chair"
4,Washburn,Timothy C. Guerrette,R - Caribou,Timothy.Guerrette@legislature.maine.gov,(207) 227-3577,"Agriculture, Conservation and Forestry - Ranking Member"
45,Washington,Abden S. Simmons,R - Waldoboro,Abden.Simmons@legislature.maine.gov,(207) 446-4518,Marine Resources
136,Waterboro (Part),John M. Eder,R - Waterboro,John.Eder@legislature.maine.gov,(207) 283-5729,Government Oversight Committee; Housing and Economic Development
139,Waterboro (Part),David C. Woodsome,R - Waterboro,David.Woodsome@legislature.maine.gov,(207) 432-5643,Leaves of Absence - Ranking Member; Environment and Natural Resources; Inland Fisheries and Wildlife
81,Waterford,Peter Conley Wood,R - Norway,Peter.Wood@legislature.maine.gov,(207) 890-3324,Marine Resources
64,Waterville (Part),Flavia M. DeBrito,D - Waterville,Flavia.DeBrito@legislature.maine.gov,(207) 660-7212,Health and Human Services
65,Waterville (Part),Cassie Lynn Julia,D - Waterville,Cassie.Julia@legislature.maine.gov,(207) 649-5110,Leaves of Absence; Housing and Economic Development
91,Wayne,Joshua K. Morris,R - Turner,Joshua.Morris@legislature.maine.gov,(207) 754-7829,"Elections - Ranking Member; Health Coverage, Insurance and Financial Services"
8,plantation Webster,Tracy L. Quint,R - Hodgdon,Tracy.Quint@legislature.maine.gov,(207) 217-4493,Taxation
74,Weld,Randall C. Hall,R - Wilton,Randall.Hall@legislature.maine.gov,(207) 860-8431,Legislative Service:
30,Wellington,James Lee White,R - Guilford,James.White@legislature.maine.gov,(207) 564-7308,Transportation
145,Wells (Part),Robert A. Foley,R - Wells,Robert.Foley@legislature.maine.gov,(207) 590-2144,"Health Coverage, Insurance and Financial Services - Ranking Member"
146,Wells (Part),Walter Gerard Runte,D - York,Gerry.Runte@legislature.maine.gov,(207) 361-7143,"Leaves of Absence; Energy, Utilities and Technology"
10,Wesley,William R. Tuell,R - East Machias,William.tuell@legislature.maine.gov,(207) 271-8521,State and Local Government
49,West Bath,Allison Hepler,D - Woolwich,Allison.Hepler@legislature.maine.gov,(207) 319-4396,"Agriculture, Conservation and Forestry; Marine Resources - Chair"
73,unorganized territory of West Central Franklin,Michael Soboleski,R - Phillips,Michael.Soboleski@legislature.maine.gov,(207) 400-7233,Environment and Natural Resources; Labor
73,plantation West Forks,Michael Soboleski,R - Phillips,Michael.Soboleski@legislature.maine.gov,(207) 400-7233,Environment and Natural Resources; Labor
55,West Gardiner,Daniel Joseph Shagoury,D - Hallowell,Daniel.Shagoury@legislature.maine.gov,(207) 242-2169,Health and Human Services
79,West Paris,Michael J. Lance,R - Paris,Michael.Lance@legislature.maine.gov,(207) 577-1022,Inland Fisheries and Wildlife
126,Westbrook (Part),Drew Gattine,D - Westbrook,Andrew.Gattine@legislature.maine.gov,(207) 409-3477,Appropriations and Financial Affairs - Chair
127,Westbrook (Part),Morgan J. Rielly,D - Westbrook,Morgan.Rielly@legislature.maine.gov,(207) 228-5767,Engrossed Bills - Chair; Environment and Natural Resources; Marine Resources
128,Westbrook (Part),Suzanne M. Salisbury,D - Westbrook,Suzanne.Salisbury@legislature.maine.gov,(207) 899-6863,State and Local Government - Chair
6,Westfield,Donald J. Ardell,R - Monticello,Donald.Ardell@legislature.maine.gov,(207) 521-1130,Engrossed Bills; Criminal Justice and Public Safety
3,Westmanland,Mark Michael Babin,R - Fort Fairfield,Mark.Babin@legislature.maine.gov,(207) 227-0198,Judiciary
8,Weston,Tracy L. Quint,R - Hodgdon,Tracy.Quint@legislature.maine.gov,(207) 217-4493,Taxation
48,Westport Island,Holly B. Stover,D - Boothbay,Holly.Stover@legislature.maine.gov,(207) 633-5979,Ethics; Appropriations and Financial Affairs
47,Whitefield,Wayne K. Farrin,D - Jefferson,Wayne.Farrin@legislature.maine.gov,(207) 592-9057,Marine Resources; State and Local Government
10,Whiting,William R. Tuell,R - East Machias,William.tuell@legislature.maine.gov,(207) 271-8521,State and Local Government
8,unorganized territory of Whitney (Pukakon) Township,Tracy L. Quint,R - Hodgdon,Tracy.Quint@legislature.maine.gov,(207) 217-4493,Taxation
11,Whitneyville,Tiffany Strout,R - Harrington,Tiffany.Strout@legislature.maine.gov,(207) 598-7043,Marine Resources
30,Willimantic,James Lee White,R - Guilford,James.White@legislature.maine.gov,(207) 564-7308,Transportation
74,Wilton,Randall C. Hall,R - Wilton,Randall.Hall@legislature.maine.gov,(207) 860-8431,Legislative Service:
106,Windham (Part),Barbara A. Bagshaw,R - Windham,Barbara.Bagshaw@legislature.maine.gov,(207) 310-0051,Education and Cultural Affairs
107,Windham (Part),Mark C. Cooper,R - Windham,Mark.Cooper@legislature.maine.gov,(207) 232-5842,"Agriculture, Conservation and Forestry"
62,Windsor,Katrina J. Smith,R - Palermo,Katrina.Smith@legislature.maine.gov,(207) 230-9583,Ethics; Rules and Business of the House; Joint Select Committee on Joint Rules
28,Winn,Irene A. Gifford,R - Lincoln,Irene.Gifford@legislature.maine.gov,(207) 290-5087,Engrossed Bills; Marine Resources
63,Winslow (Part),Paul R. Flynn,R - Albion,Paul.Flynn@legislature.maine.gov,(207) 314-5525,"Health Coverage, Insurance and Financial Services"
64,Winslow (Part),Flavia M. DeBrito,D - Waterville,Flavia.DeBrito@legislature.maine.gov,(207) 660-7212,Health and Human Services
12,Winter Harbor,Billy Bob Faulkingham,R - Winter Harbor,William.Faulkingham@legislature.maine.gov,(207) 460-6967,Joint Select Committee on Joint Rules - Ranking Member
37,Winterport,Reagan L. Paul,R - Winterport,Reagan.Paul@legislature.maine.gov,(207) 944-8033,"Elections; Energy, Utilities and Technology"
1,plantation Winterville,Lucien J.B. Daigle,R - Fort Kent,Lucien.Daigle@legislature.maine.gov,(207) 631-8082,Health and Human Services
57,Winthrop,Tavis Rock Hasenfus,D - Readfield,Tavis.Hasenfus@legislature.maine.gov,(207) 446-0016,Ethics; Criminal Justice and Public Safety - Chair
47,Wiscasset,Wayne K. Farrin,D - Jefferson,Wayne.Farrin@legislature.maine.gov,(207) 592-9057,Marine Resources; State and Local Government
3,Woodland,Mark Michael Babin,R - Fort Fairfield,Mark.Babin@legislature.maine.gov,(207) 227-0198,Judiciary
79,Woodstock,Michael J. Lance,R - Paris,Michael.Lance@legislature.maine.gov,(207) 577-1022,Inland Fisheries and Wildlife
29,Woodville,Kathy Irene Javner,R - Chester,Kathy.Javner@legislature.maine.gov,(207) 290-1321,Health and Human Services - Ranking Member
49,Woolwich,Allison Hepler,D - Woolwich,Allison.Hepler@legislature.maine.gov,(207) 319-4396,"Agriculture, Conservation and Forestry; Marine Resources - Chair"
73,unorganized territory of Wyman Township,Michael Soboleski,R - Phillips,Michael.Soboleski@legislature.maine.gov,(207) 400-7233,Environment and Natural Resources; Labor
103,Yarmouth,Arthur L. Bell,D - Yarmouth,Arthur.Bell@legislature.maine.gov,(207) 415-1217,Environment and Natural Resources
146,York (Part),Walter Gerard Runte,D - York,Gerry.Runte@legislature.maine.gov,(207) 361-7143,"Leaves of Absence; Energy, Utilities and Technology"
147,York (Part),Holly T. Sargent,D - York,Holly.Sargent@legislature.maine.gov,(617) 230-1045,Education and Cultural Affairs; Joint Select Committee on Joint Rules
